Date,State of charge
2012-01-01 20:15:00,81
2012-01-01 20:23:00,74
2012-01-01 20:44:00,74
2012-01-01 21:05:00,62
2012-01-01 21:10:00,62
2012-01-02 00:28:00,100
2012-01-02 09:49:00,100
2012-01-02 10:00:00,94
2012-01-02 11:48:00,94
2012-01-02 11:57:00,88
2012-01-02 12:02:00,88
2012-01-02 12:04:00,86
2012-01-02 14:44:00,86
2012-01-02 14:50:00,82
2012-01-02 14:52:00,82
2012-01-02 14:59:00,78
2012-01-03 09:43:00,77
2012-01-03 09:57:00,67
2012-01-03 14:36:00,57
2012-01-03 14:43:00,52
2012-01-03 17:10:00,39
2012-01-03 17:16:00,35
2012-01-03 17:19:00,35
2012-01-03 22:16:00,100
2012-01-04 07:31:00,95
2012-01-04 07:43:00,88
2012-01-04 13:47:00,81
2012-01-04 13:55:00,76
2012-01-04 15:02:00,75
2012-01-04 15:07:00,71
2012-01-04 15:09:00,71
2012-01-04 15:14:00,68
2012-01-05 07:30:00,65
2012-01-05 07:46:00,56
2012-01-05 13:59:00,49
2012-01-05 14:09:00,42
2012-01-05 14:20:00,43
2012-01-05 18:30:00,100
2012-01-05 18:32:00,100
2012-01-05 18:48:00,93
2012-01-05 22:39:00,85
2012-01-05 22:43:00,83
2012-01-06 09:37:00,75
2012-01-06 09:47:00,67
2012-01-06 13:34:00,67
2012-01-06 13:39:00,63
2012-01-06 13:45:00,63
2012-01-06 13:57:00,54
2012-01-06 14:00:00,54
2012-01-06 14:07:00,56
2012-01-06 14:08:00,56
2012-01-06 14:13:00,52
2012-01-06 14:16:00,52
2012-01-06 14:23:00,49
2012-01-06 14:51:00,57
2012-01-06 17:41:00,100
2012-01-06 17:41:00,100
2012-01-06 17:51:00,93
2012-01-06 18:01:00,93
2012-01-06 18:07:00,89
2012-01-06 18:26:00,89
2012-01-06 18:33:00,85
2012-01-07 09:02:00,85
2012-01-07 09:02:00,85
2012-01-07 10:19:00,84
2012-01-07 10:35:00,79
2012-01-07 12:54:00,78
2012-01-07 13:05:00,72
2012-01-07 13:30:00,72
2012-01-07 13:36:00,69
2012-01-07 13:38:00,69
2012-01-07 13:52:00,58
2012-01-07 13:53:00,58
2012-01-07 14:04:00,41
2012-01-07 14:53:00,53
2012-01-07 18:51:00,100
2012-01-09 07:31:00,100
2012-01-09 07:54:00,89
2012-01-09 13:39:00,89
2012-01-09 13:58:00,79
2012-01-09 16:53:00,79
2012-01-09 16:54:00,79
2012-01-09 16:55:00,79
2012-01-09 16:56:00,79
2012-01-10 12:01:00,66
2012-01-10 12:05:00,64
2012-01-10 17:13:00,50
2012-01-10 17:14:00,50
2012-01-11 07:22:00,99
2012-01-11 07:44:00,89
2012-01-11 12:05:00,89
2012-01-11 12:10:00,85
2012-01-11 12:34:00,85
2012-01-11 12:38:00,82
2012-01-11 14:56:00,82
2012-01-11 15:14:00,72
2012-01-11 15:17:00,72
2012-01-11 15:20:00,70
2012-01-11 15:21:00,70
2012-01-11 15:24:00,70
2012-01-11 15:55:00,79
2012-01-11 17:59:00,99
2012-01-11 19:33:00,99
2012-01-11 19:38:00,95
2012-01-11 20:05:00,95
2012-01-11 20:09:00,91
2012-01-12 07:21:00,90
2012-01-12 07:37:00,79
2012-01-12 13:33:00,79
2012-01-12 13:46:00,73
2012-01-12 14:09:00,73
2012-01-12 14:16:00,68
2012-01-12 14:55:00,68
2012-01-12 15:13:00,57
2012-01-12 15:30:00,61
2012-01-12 16:45:00,80
2012-01-12 16:45:00,80
2012-01-12 18:46:00,100
2012-01-12 20:07:00,100
2012-01-12 20:10:00,100
2012-01-12 20:12:00,100
2012-01-12 20:44:00,79
2012-01-12 20:48:00,79
2012-01-12 22:37:00,100
2012-01-13 09:13:00,99
2012-01-13 09:29:00,88
2012-01-13 13:24:00,88
2012-01-13 13:40:00,74
2012-01-13 14:01:00,74
2012-01-13 14:01:00,74
2012-01-13 14:25:00,81
2012-01-13 15:28:00,94
2012-01-13 15:57:00,52
2012-01-13 15:58:00,51
2012-01-13 17:10:00,51
2012-01-13 17:46:00,21
2012-01-13 17:56:00,17
2012-01-13 18:00:00,16
2012-01-13 18:00:00,16
2012-01-13 23:59:00,99
2012-01-14 15:17:00,99
2012-01-14 15:28:00,84
2012-01-14 15:39:00,84
2012-01-14 15:41:00,82
2012-01-14 16:01:00,82
2012-01-14 16:05:00,80
2012-01-14 16:35:00,80
2012-01-14 16:42:00,74
2012-01-14 17:09:00,74
2012-01-14 17:20:00,64
2012-01-14 17:32:00,64
2012-01-14 17:34:00,63
2012-01-14 17:45:00,63
2012-01-14 17:53:00,58
2012-01-14 18:29:00,68
2012-01-14 21:21:00,100
2012-01-15 09:25:00,100
2012-01-15 09:26:00,99
2012-01-16 07:30:00,72
2012-01-16 07:52:00,61
2012-01-16 13:31:00,61
2012-01-16 13:45:00,49
2012-01-16 16:28:00,49
2012-01-16 16:35:00,42
2012-01-16 20:23:00,42
2012-01-16 20:32:00,32
2012-01-17 09:45:00,100
2012-01-17 10:02:00,90
2012-01-17 14:26:00,90
2012-01-17 14:39:00,83
2012-01-17 15:04:00,83
2012-01-17 15:09:00,80
2012-01-17 20:59:00,39
2012-01-18 01:42:00,100
2012-01-18 07:17:00,80
2012-01-18 07:36:00,74
2012-01-18 11:56:00,74
2012-01-18 12:14:00,69
2012-01-18 13:35:00,69
2012-01-18 13:47:00,63
2012-01-18 13:47:00,63
2012-01-18 13:47:00,63
2012-01-18 17:14:00,63
2012-01-18 17:23:00,57
2012-01-18 17:27:00,57
2012-01-18 17:36:00,50
2012-01-18 18:20:00,50
2012-01-18 18:32:00,40
2012-01-18 19:02:00,40
2012-01-18 19:07:00,36
2012-01-19 07:15:00,99
2012-01-19 07:35:00,86
2012-01-19 13:33:00,86
2012-01-19 13:53:00,72
2012-01-19 14:12:00,72
2012-01-19 14:24:00,64
2012-01-19 16:11:00,64
2012-01-19 16:22:00,57
2012-01-19 16:29:00,57
2012-01-19 16:32:00,55
2012-01-19 17:24:00,69
2012-01-19 20:21:00,100
2012-01-19 21:11:00,43
2012-01-20 01:33:00,100
2012-01-20 09:07:00,97
2012-01-20 09:24:00,88
2012-01-20 11:33:00,87
2012-01-20 11:42:00,81
2012-01-20 12:28:00,81
2012-01-20 12:39:00,76
2012-01-20 13:20:00,76
2012-01-20 13:30:00,63
2012-01-20 17:04:00,63
2012-01-20 17:10:00,59
2012-01-20 17:36:00,59
2012-01-20 17:40:00,56
2012-01-20 18:04:00,56
2012-01-20 18:08:00,52
2012-01-21 09:36:00,51
2012-01-21 09:45:00,45
2012-01-21 09:49:00,45
2012-01-21 09:59:00,37
2012-01-21 10:37:00,45
2012-01-21 14:27:00,100
2012-01-21 14:28:00,100
2012-01-21 14:51:00,73
2012-01-22 09:56:00,73
2012-01-22 10:03:00,65
2012-01-22 10:46:00,65
2012-01-22 10:52:00,55
2012-01-22 15:16:00,55
2012-01-22 15:24:00,47
2012-01-22 19:03:00,47
2012-01-22 19:16:00,37
2012-01-22 19:30:00,37
2012-01-22 19:38:00,31
2012-01-22 20:09:00,40
2012-01-23 00:56:00,100
2012-01-23 13:34:00,100
2012-01-23 13:39:00,95
2012-01-23 13:42:00,95
2012-01-23 13:47:00,92
2012-01-23 14:03:00,92
2012-01-23 14:09:00,87
2012-01-23 20:15:00,85
2012-01-23 20:21:00,82
2012-01-23 20:43:00,82
2012-01-23 20:48:00,76
2012-01-24 08:21:00,74
2012-01-24 08:33:00,66
2012-01-24 08:45:00,66
2012-01-24 08:47:00,66
2012-01-24 08:47:00,66
2012-01-24 08:49:00,66
2012-01-24 08:55:00,66
2012-01-24 08:59:00,64
2012-01-24 11:46:00,64
2012-01-24 11:49:00,64
2012-01-24 15:26:00,64
2012-01-24 15:38:00,53
2012-01-25 14:24:00,52
2012-01-25 14:29:00,47
2012-01-25 14:32:00,47
2012-01-25 14:41:00,40
2012-01-25 14:58:00,40
2012-01-25 15:10:00,32
2012-01-25 16:00:00,47
2012-01-25 19:40:00,100
2012-01-25 19:41:00,100
2012-01-25 19:46:00,97
2012-01-25 19:51:00,96
2012-01-25 19:53:00,96
2012-01-25 20:00:00,96
2012-01-25 20:07:00,90
2012-01-26 11:02:00,90
2012-01-26 11:18:00,73
2012-01-26 12:22:00,45
2012-01-26 12:31:00,41
2012-01-26 13:07:00,52
2012-01-26 17:09:00,100
2012-01-27 11:04:00,99
2012-01-27 11:15:00,91
2012-01-27 12:00:00,91
2012-01-27 12:07:00,87
2012-01-27 12:41:00,87
2012-01-27 12:53:00,78
2012-01-27 13:02:00,78
2012-01-27 13:06:00,74
2012-01-27 19:45:00,74
2012-01-27 20:30:00,52
2012-01-27 20:37:00,52
2012-01-27 20:51:00,43
2012-01-28 08:33:00,100
2012-01-28 08:34:00,99
2012-01-28 13:59:00,99
2012-01-28 14:04:00,98
2012-01-28 14:25:00,98
2012-01-28 14:42:00,84
2012-01-28 21:06:00,46
2012-01-29 01:28:00,100
2012-01-29 14:14:00,84
2012-01-29 14:27:00,69
2012-01-29 14:46:00,69
2012-01-29 15:02:00,53
2012-01-29 19:39:00,53
2012-01-29 19:42:00,51
2012-01-29 20:28:00,62
2012-01-30 00:05:00,100
2012-01-30 07:38:00,99
2012-01-30 08:03:00,85
2012-01-30 17:09:00,85
2012-01-30 17:26:00,72
2012-01-30 18:28:00,72
2012-01-30 18:32:00,69
2012-01-30 19:04:00,69
2012-01-30 19:11:00,63
2012-01-31 08:21:00,63
2012-01-31 08:38:00,53
2012-01-31 13:30:00,53
2012-01-31 13:35:00,50
2012-01-31 13:40:00,50
2012-01-31 13:52:00,42
2012-01-31 14:32:00,42
2012-01-31 14:37:00,38
2012-01-31 14:40:00,38
2012-01-31 14:48:00,32
2012-01-31 14:57:00,31
2012-01-31 15:07:00,23
2012-01-31 15:31:00,30
2012-01-31 21:00:00,100
2012-02-01 07:17:00,98
2012-02-01 07:35:00,90
2012-02-01 14:36:00,90
2012-02-01 14:53:00,77
2012-02-01 19:27:00,77
2012-02-01 19:32:00,73
2012-02-01 20:08:00,73
2012-02-01 20:15:00,68
2012-02-02 07:22:00,66
2012-02-02 07:41:00,55
2012-02-02 13:37:00,55
2012-02-02 13:49:00,45
2012-02-02 14:03:00,45
2012-02-02 14:09:00,41
2012-02-02 14:17:00,41
2012-02-02 14:21:00,37
2012-02-02 14:23:00,37
2012-02-02 14:37:00,22
2012-02-02 17:28:00,71
2012-02-02 18:07:00,79
2012-02-02 18:08:00,84
2012-02-02 18:14:00,78
2012-02-02 21:52:00,78
2012-02-02 21:59:00,69
2012-02-03 09:08:00,69
2012-02-03 09:23:00,55
2012-02-03 13:28:00,50
2012-02-03 13:34:00,45
2012-02-03 13:42:00,45
2012-02-03 14:00:00,39
2012-02-03 14:07:00,39
2012-02-03 14:13:00,36
2012-02-03 14:31:00,36
2012-02-03 14:44:00,29
2012-02-03 15:23:00,40
2012-02-03 18:05:00,93
2012-02-03 18:05:00,93
2012-02-03 18:21:00,83
2012-02-03 21:15:00,83
2012-02-03 21:28:00,56
2012-02-04 01:01:00,51
2012-02-04 01:13:00,25
2012-02-04 01:34:00,31
2012-02-04 06:45:00,100
2012-02-04 11:53:00,100
2012-02-04 12:01:00,91
2012-02-04 16:36:00,91
2012-02-04 16:54:00,75
2012-02-04 17:03:00,78
2012-02-04 19:38:00,100
2012-02-04 19:39:00,100
2012-02-04 19:44:00,95
2012-02-04 19:58:00,95
2012-02-04 20:02:00,91
2012-02-05 09:47:00,90
2012-02-05 09:50:00,87
2012-02-05 09:55:00,87
2012-02-05 09:58:00,84
2012-02-06 07:35:00,81
2012-02-06 07:56:00,66
2012-02-06 13:38:00,66
2012-02-06 13:51:00,54
2012-02-06 14:32:00,54
2012-02-06 14:36:00,50
2012-02-06 14:39:00,50
2012-02-06 14:42:00,48
2012-02-06 14:42:00,48
2012-02-06 14:59:00,38
2012-02-06 15:05:00,39
2012-02-06 18:56:00,100
2012-02-06 18:57:00,100
2012-02-06 19:16:00,85
2012-02-06 22:47:00,78
2012-02-06 23:06:00,61
2012-02-07 08:42:00,100
2012-02-07 08:57:00,84
2012-02-07 08:57:00,84
2012-02-07 09:01:00,83
2012-02-07 13:26:00,83
2012-02-07 13:41:00,73
2012-02-07 15:57:00,73
2012-02-07 16:07:00,65
2012-02-07 19:15:00,65
2012-02-07 19:18:00,64
2012-02-07 19:23:00,64
2012-02-07 19:25:00,61
2012-02-07 23:34:00,69
2012-02-08 02:55:00,100
2012-02-08 07:23:00,61
2012-02-08 07:41:00,46
2012-02-08 11:40:00,46
2012-02-08 11:49:00,40
2012-02-08 12:21:00,39
2012-02-08 12:27:00,36
2012-02-08 12:27:00,36
2012-02-08 12:28:00,36
2012-02-08 12:48:00,36
2012-02-08 12:52:00,33
2012-02-08 13:07:00,33
2012-02-08 13:13:00,29
2012-02-08 14:31:00,52
2012-02-08 17:25:00,100
2012-02-08 17:25:00,100
2012-02-08 17:30:00,96
2012-02-08 17:50:00,96
2012-02-08 17:56:00,91
2012-02-08 18:33:00,91
2012-02-08 18:42:00,84
2012-02-08 20:53:00,79
2012-02-08 21:12:00,66
2012-02-09 07:23:00,66
2012-02-09 07:42:00,58
2012-02-09 13:30:00,58
2012-02-09 13:37:00,54
2012-02-09 14:01:00,54
2012-02-09 14:06:00,50
2012-02-09 14:18:00,50
2012-02-09 14:22:00,47
2012-02-09 16:14:00,47
2012-02-09 16:15:00,47
2012-02-09 16:22:00,47
2012-02-09 16:23:00,46
2012-02-09 16:49:00,53
2012-02-09 21:13:00,100
2012-02-10 09:12:00,100
2012-02-10 09:20:00,95
2012-02-10 09:23:00,95
2012-02-10 09:34:00,89
2012-02-10 13:30:00,89
2012-02-10 13:39:00,84
2012-02-10 13:45:00,84
2012-02-10 13:47:00,83
2012-02-10 14:04:00,83
2012-02-10 14:19:00,67
2012-02-10 14:37:00,67
2012-02-10 14:43:00,64
2012-02-11 09:26:00,64
2012-02-11 09:33:00,61
2012-02-11 16:17:00,60
2012-02-11 16:27:00,53
2012-02-11 16:57:00,60
2012-02-11 19:29:00,99
2012-02-11 19:32:00,99
2012-02-11 19:36:00,95
2012-02-11 19:55:00,95
2012-02-11 20:00:00,91
2012-02-11 23:48:00,60
2012-02-11 23:57:00,51
2012-02-12 09:35:00,100
2012-02-12 09:44:00,91
2012-02-12 11:13:00,91
2012-02-12 11:23:00,80
2012-02-12 12:22:00,80
2012-02-12 12:34:00,69
2012-02-12 16:45:00,49
2012-02-12 16:51:00,45
2012-02-12 16:51:00,45
2012-02-12 21:16:00,100
2012-02-12 23:59:00,51
2012-02-13 04:03:00,100
2012-02-13 10:25:00,99
2012-02-13 10:54:00,87
2012-02-13 11:13:00,86
2012-02-13 11:20:00,81
2012-02-14 11:05:00,81
2012-02-14 11:14:00,75
2012-02-14 11:16:00,75
2012-02-14 11:25:00,70
2012-02-14 11:40:00,70
2012-02-14 12:07:00,57
2012-02-14 12:34:00,57
2012-02-14 12:47:00,47
2012-02-14 13:53:00,47
2012-02-14 14:06:00,38
2012-02-14 14:11:00,38
2012-02-14 14:14:00,35
2012-02-14 14:19:00,35
2012-02-14 14:26:00,32
2012-02-14 14:48:00,38
2012-02-14 19:32:00,100
2012-02-15 11:37:00,86
2012-02-15 11:52:00,78
2012-02-15 19:56:00,77
2012-02-15 20:17:00,69
2012-02-15 20:24:00,69
2012-02-15 20:33:00,62
2012-02-15 20:56:00,62
2012-02-15 21:01:00,58
2012-02-15 21:27:00,65
2012-02-16 00:39:00,100
2012-02-16 07:23:00,100
2012-02-16 07:39:00,88
2012-02-16 12:45:00,88
2012-02-16 12:48:00,86
2012-02-16 13:00:00,86
2012-02-16 13:18:00,71
2012-02-16 14:40:00,71
2012-02-16 14:46:00,67
2012-02-16 14:49:00,67
2012-02-16 14:53:00,63
2012-02-16 18:11:00,63
2012-02-16 18:19:00,55
2012-02-16 21:54:00,55
2012-02-16 22:01:00,47
2012-02-17 07:22:00,98
2012-02-17 07:38:00,89
2012-02-17 11:39:00,89
2012-02-17 11:53:00,83
2012-02-17 12:13:00,83
2012-02-17 12:16:00,82
2012-02-17 12:29:00,82
2012-02-17 12:36:00,76
2012-02-17 12:49:00,76
2012-02-17 12:52:00,75
2012-02-17 21:01:00,75
2012-02-17 21:06:00,71
2012-02-17 21:27:00,71
2012-02-17 21:32:00,67
2012-02-17 22:20:00,53
2012-02-18 02:11:00,100
2012-02-18 08:54:00,67
2012-02-18 09:01:00,61
2012-02-18 13:12:00,61
2012-02-18 13:19:00,54
2012-02-18 14:09:00,54
2012-02-18 14:17:00,49
2012-02-18 14:54:00,49
2012-02-18 15:02:00,44
2012-02-18 15:38:00,44
2012-02-18 15:40:00,42
2012-02-18 15:50:00,42
2012-02-18 15:54:00,39
2012-02-18 16:24:00,47
2012-02-18 17:03:00,59
2012-02-18 17:05:00,58
2012-02-18 17:16:00,43
2012-02-18 23:36:00,43
2012-02-19 00:10:00,17
2012-02-19 00:15:00,19
2012-02-19 05:52:00,100
2012-02-19 14:08:00,100
2012-02-19 14:13:00,97
2012-02-19 14:23:00,97
2012-02-19 14:27:00,94
2012-02-19 14:34:00,94
2012-02-19 14:41:00,91
2012-02-19 14:45:00,91
2012-02-19 14:51:00,87
2012-02-22 14:40:00,52
2012-02-22 14:43:00,50
2012-02-22 21:34:00,67
2012-02-22 21:42:00,60
2012-02-23 09:11:00,94
2012-02-23 09:16:00,89
2012-02-23 09:18:00,89
2012-02-23 09:23:00,85
2012-02-23 14:46:00,74
2012-02-23 14:49:00,72
2012-02-23 15:18:00,65
2012-02-23 15:23:00,62
2012-02-23 15:25:00,62
2012-02-23 15:30:00,59
2012-02-23 15:35:00,59
2012-02-23 15:36:00,59
2012-02-23 15:36:00,59
2012-02-23 15:39:00,57
2012-02-24 15:20:00,74
2012-02-24 15:23:00,71
2012-02-24 15:31:00,71
2012-02-24 15:34:00,69
2012-02-24 19:35:00,69
2012-02-24 19:35:00,69
2012-02-24 20:12:00,69
2012-02-24 20:13:00,69
2012-02-25 14:21:00,99
2012-02-25 14:25:00,97
2012-02-27 09:23:00,92
2012-02-27 09:26:00,90
2012-02-28 18:57:00,100
2012-02-28 18:57:00,100
2012-02-29 07:16:00,100
2012-02-29 07:25:00,96
2012-02-29 07:27:00,96
2012-02-29 07:30:00,94
2012-02-29 07:34:00,94
2012-02-29 07:50:00,89
2012-02-29 12:04:00,89
2012-02-29 12:09:00,87
2012-02-29 12:28:00,87
2012-02-29 12:36:00,85
2012-02-29 13:49:00,85
2012-02-29 14:03:00,79
2012-02-29 14:16:00,79
2012-02-29 14:22:00,74
2012-02-29 18:41:00,74
2012-02-29 18:50:00,70
2012-02-29 18:53:00,70
2012-02-29 19:01:00,64
2012-02-29 21:05:00,71
2012-02-29 23:36:00,100
2012-03-01 07:52:00,89
2012-03-01 07:55:00,88
2012-03-01 13:40:00,88
2012-03-01 13:53:00,82
2012-03-01 14:00:00,82
2012-03-01 14:02:00,82
2012-03-01 14:04:00,82
2012-03-01 14:19:00,76
2012-03-01 16:11:00,76
2012-03-01 16:29:00,70
2012-03-01 16:33:00,70
2012-03-01 16:40:00,67
2012-03-01 17:52:00,67
2012-03-01 18:05:00,56
2012-03-01 21:01:00,56
2012-03-01 21:06:00,52
2012-03-01 21:17:00,51
2012-03-01 21:23:00,47
2012-03-02 08:59:00,100
2012-03-02 09:03:00,96
2012-03-02 09:05:00,96
2012-03-02 09:15:00,89
2012-03-02 09:17:00,89
2012-03-02 09:33:00,81
2012-03-02 13:35:00,81
2012-03-02 13:52:00,75
2012-03-02 14:01:00,75
2012-03-02 14:12:00,70
2012-03-02 14:47:00,70
2012-03-02 14:56:00,67
2012-03-02 22:44:00,69
2012-03-03 01:23:00,100
2012-03-03 15:27:00,67
2012-03-03 15:33:00,66
2012-03-03 15:37:00,65
2012-03-03 15:43:00,64
2012-03-03 16:00:00,64
2012-03-03 16:06:00,62
2012-03-03 16:15:00,62
2012-03-03 16:41:00,40
2012-03-03 16:45:00,40
2012-03-03 16:55:00,36
2012-03-03 17:15:00,42
2012-03-03 21:47:00,100
2012-03-04 11:43:00,100
2012-03-04 11:56:00,88
2012-03-04 13:05:00,87
2012-03-04 13:19:00,71
2012-03-05 07:36:00,71
2012-03-05 07:56:00,60
2012-03-05 14:24:00,60
2012-03-05 14:41:00,46
2012-03-05 14:49:00,46
2012-03-05 14:54:00,43
2012-03-05 14:57:00,43
2012-03-05 15:02:00,39
2012-03-05 16:40:00,39
2012-03-05 16:48:00,32
2012-03-05 17:57:00,32
2012-03-05 18:01:00,30
2012-03-05 18:27:00,30
2012-03-05 18:33:00,25
2012-03-05 18:41:00,25
2012-03-05 18:52:00,14
2012-03-05 19:33:00,25
2012-03-06 00:56:00,100
2012-03-06 09:46:00,100
2012-03-06 10:13:00,82
2012-03-06 10:22:00,82
2012-03-06 10:26:00,79
2012-03-06 13:31:00,79
2012-03-06 13:38:00,73
2012-03-06 14:04:00,73
2012-03-06 14:09:00,69
2012-03-06 14:15:00,69
2012-03-06 14:17:00,68
2012-03-06 14:31:00,68
2012-03-06 14:35:00,66
2012-03-06 14:39:00,66
2012-03-06 14:44:00,64
2012-03-06 14:47:00,64
2012-03-06 14:54:00,57
2012-03-06 15:14:00,62
2012-03-06 18:28:00,100
2012-03-07 07:27:00,100
2012-03-07 07:45:00,88
2012-03-07 11:34:00,88
2012-03-07 11:49:00,75
2012-03-07 12:29:00,74
2012-03-07 12:44:00,64
2012-03-07 14:30:00,64
2012-03-07 14:46:00,54
2012-03-07 15:21:00,54
2012-03-07 15:30:00,48
2012-03-07 15:34:00,48
2012-03-07 15:38:00,46
2012-03-07 15:42:00,46
2012-03-07 18:13:00,93
2012-03-07 18:14:00,93
2012-03-07 18:15:00,92
2012-03-08 07:30:00,85
2012-03-08 07:48:00,73
2012-03-08 17:32:00,63
2012-03-08 17:37:00,61
2012-03-08 18:09:00,61
2012-03-08 18:10:00,60
2012-03-08 18:31:00,60
2012-03-08 18:33:00,59
2012-03-08 18:45:00,59
2012-03-08 18:49:00,55
2012-03-09 09:14:00,55
2012-03-09 09:29:00,44
2012-03-09 13:19:00,44
2012-03-09 13:31:00,37
2012-03-09 13:45:00,37
2012-03-09 13:47:00,35
2012-03-09 13:58:00,35
2012-03-09 14:02:00,34
2012-03-09 14:03:00,34
2012-03-09 19:00:00,100
2012-03-10 13:05:00,100
2012-03-10 13:13:00,94
2012-03-10 14:01:00,94
2012-03-10 14:15:00,88
2012-03-10 15:15:00,88
2012-03-10 15:29:00,78
2012-03-10 22:46:00,78
2012-03-10 23:02:00,64
2012-03-11 11:54:00,64
2012-03-11 12:05:00,53
2012-03-11 13:33:00,53
2012-03-11 13:44:00,42
2012-03-11 13:52:00,42
2012-03-11 13:55:00,40
2012-03-11 13:55:00,40
2012-03-11 18:23:00,100
2012-03-12 07:33:00,100
2012-03-12 07:55:00,90
2012-03-12 15:02:00,90
2012-03-12 15:18:00,82
2012-03-13 09:58:00,82
2012-03-13 10:16:00,75
2012-03-13 11:50:00,75
2012-03-13 11:59:00,71
2012-03-13 12:45:00,71
2012-03-13 13:02:00,63
2012-03-13 13:03:00,63
2012-03-13 16:06:00,100
2012-03-14 15:33:00,100
2012-03-14 16:25:00,63
2012-03-14 16:56:00,63
2012-03-14 17:02:00,60
2012-03-14 17:15:00,60
2012-03-14 17:49:00,29
2012-03-14 17:51:00,29
2012-03-14 17:58:00,24
2012-03-14 18:00:00,24
2012-03-14 23:19:00,100
2012-03-15 09:38:00,100
2012-03-15 09:38:00,100
2012-03-15 11:03:00,100
2012-03-15 11:09:00,96
2012-03-15 11:12:00,96
2012-03-15 11:19:00,89
2012-03-15 11:29:00,89
2012-03-15 11:31:00,88
2012-03-15 11:38:00,88
2012-03-15 11:51:00,81
2012-03-15 12:36:00,81
2012-03-15 12:46:00,73
2012-03-15 12:48:00,72
2012-03-15 12:49:00,72
2012-03-16 14:23:00,72
2012-03-16 14:40:00,64
2012-03-19 08:33:00,64
2012-03-19 08:33:00,64
2012-03-19 08:35:00,64
2012-03-19 08:37:00,63
2012-03-20 14:35:00,63
2012-03-20 15:13:00,10
2012-03-21 08:12:00,8
2012-03-21 08:13:00,8
2012-03-21 13:34:00,8
2012-03-21 13:35:00,8
2012-03-21 13:55:00,8
2012-03-21 14:30:00,8
2012-03-21 15:43:00,4
2012-03-21 15:59:00,2
2012-03-22 08:16:00,3
2012-03-22 08:39:00,0
2012-03-26 08:37:00,1
2012-03-26 12:42:00,49
2012-03-26 14:18:00,37
2012-03-26 20:35:00,100
2012-03-27 14:17:00,37
2012-03-27 20:03:00,100
2012-03-28 11:15:00,100
2012-03-28 11:22:00,100
2012-03-28 13:43:00,99
2012-03-28 13:45:00,99
2012-03-28 14:44:00,99
2012-03-28 14:45:00,99
2012-03-28 14:49:00,99
2012-03-28 14:56:00,99
2012-03-28 15:01:00,99
2012-03-28 15:02:00,99
2012-03-28 15:03:00,99
2012-03-28 15:08:00,98
2012-03-28 15:13:00,98
2012-03-28 15:14:00,98
2012-03-29 13:13:00,92
2012-03-29 13:14:00,92
2012-03-29 13:17:00,92
2012-03-29 13:17:00,92
2012-03-29 16:31:00,92
2012-03-29 17:06:00,50
2012-03-29 18:43:00,50
2012-03-29 18:57:00,44
2012-03-29 21:30:00,44
2012-03-30 01:24:00,100
2012-03-30 09:57:00,100
2012-03-30 10:09:00,92
2012-03-30 11:15:00,92
2012-03-30 11:26:00,82
2012-03-30 11:32:00,82
2012-03-30 11:34:00,81
2012-03-30 13:51:00,81
2012-03-30 13:52:00,80
2012-03-30 13:52:00,80
2012-03-30 13:57:00,79
2012-03-30 14:05:00,79
2012-03-30 14:11:00,76
2012-03-30 14:19:00,76
2012-03-30 14:24:00,74
2012-03-30 14:28:00,74
2012-03-30 14:33:00,71
2012-03-31 01:36:00,71
2012-03-31 04:03:00,100
2012-03-31 10:18:00,100
2012-03-31 10:22:00,98
2012-03-31 10:53:00,98
2012-03-31 10:56:00,95
2012-03-31 12:04:00,94
2012-03-31 12:48:00,100
2012-03-31 13:29:00,100
2012-03-31 14:48:00,10
2012-03-31 14:49:00,10
2012-03-31 14:51:00,9
2012-03-31 14:52:00,9
2012-03-31 14:53:00,9
2012-03-31 14:53:00,9
2012-03-31 15:21:00,80
2012-03-31 15:29:00,80
2012-03-31 15:55:00,61
2012-03-31 16:02:00,61
2012-03-31 16:13:00,53
2012-03-31 17:41:00,58
2012-03-31 18:02:00,49
2012-03-31 18:13:00,49
2012-03-31 18:20:00,45
2012-03-31 18:26:00,45
2012-03-31 18:40:00,40
2012-03-31 19:07:00,40
2012-03-31 19:14:00,40
2012-03-31 19:14:00,40
2012-03-31 21:11:00,64
2012-03-31 21:21:00,64
2012-03-31 21:54:00,34
2012-03-31 21:54:00,34
2012-03-31 22:13:00,80
2012-03-31 22:14:00,80
2012-03-31 23:07:00,30
2012-03-31 23:07:00,30
2012-03-31 23:15:00,61
2012-03-31 23:16:00,61
2012-03-31 23:48:00,25
2012-04-01 23:50:00,25
2012-04-02 05:00:00,100
2012-04-03 10:32:00,95
2012-04-03 10:41:00,91
2012-04-06 10:52:00,91
2012-04-06 10:57:00,86
2012-04-07 10:04:00,86
2012-04-07 10:12:00,78
2012-04-07 10:35:00,78
2012-04-07 10:41:00,73
2012-04-07 11:17:00,73
2012-04-07 11:27:00,63
2012-04-07 11:35:00,63
2012-04-07 11:37:00,62
2012-04-08 14:04:00,62
2012-04-08 14:15:00,52
2012-04-09 21:42:00,52
2012-04-10 01:34:00,100
2012-04-10 14:33:00,100
2012-04-10 14:44:00,91
2012-04-10 15:07:00,91
2012-04-10 15:17:00,80
2012-04-10 15:23:00,80
2012-04-10 15:25:00,79
2012-04-10 18:31:00,79
2012-04-10 18:43:00,70
2012-04-10 19:59:00,70
2012-04-10 20:12:00,60
2012-04-11 14:02:00,59
2012-04-11 14:16:00,50
2012-04-11 15:35:00,50
2012-04-11 15:39:00,48
2012-04-11 15:42:00,48
2012-04-11 15:45:00,48
2012-04-11 15:46:00,48
2012-04-11 15:58:00,36
2012-04-12 19:24:00,36
2012-04-12 19:26:00,35
2012-04-12 19:29:00,35
2012-04-12 19:33:00,33
2012-04-12 19:34:00,33
2012-04-12 19:38:00,30
2012-04-12 21:42:00,30
2012-04-12 21:48:00,29
2012-04-13 09:13:00,100
2012-04-13 09:23:00,90
2012-04-13 10:12:00,90
2012-04-13 10:22:00,84
2012-04-13 10:25:00,84
2012-04-13 10:30:00,83
2012-04-13 10:48:00,83
2012-04-13 10:51:00,82
2012-04-13 11:14:00,82
2012-04-13 11:24:00,72
2012-04-13 11:31:00,72
2012-04-13 11:32:00,71
2012-04-13 13:30:00,70
2012-04-13 13:33:00,69
2012-04-13 13:36:00,69
2012-04-13 13:49:00,60
2012-04-13 13:59:00,60
2012-04-13 14:09:00,49
2012-04-13 16:56:00,49
2012-04-13 17:18:00,27
2012-04-13 21:48:00,29
2012-04-14 02:48:00,100
2012-04-14 08:07:00,32
2012-04-14 09:02:00,50
2012-04-14 09:04:00,50
2012-04-14 09:07:00,48
2012-04-14 09:45:00,48
2012-04-14 09:48:00,47
2012-04-14 09:50:00,47
2012-04-14 09:52:00,46
2012-04-14 15:28:00,46
2012-04-14 15:30:00,44
2012-04-14 16:54:00,44
2012-04-14 17:04:00,34
2012-04-14 21:40:00,34
2012-04-14 21:48:00,28
2012-04-14 22:08:00,28
2012-04-14 22:20:00,17
2012-04-15 18:56:00,99
2012-04-15 19:07:00,92
2012-04-15 19:08:00,92
2012-04-15 19:19:00,81
2012-04-15 22:21:00,17
2012-04-16 04:21:00,99
2012-04-16 11:16:00,81
2012-04-16 11:27:00,73
2012-04-16 11:42:00,73
2012-04-16 11:45:00,73
2012-04-16 11:53:00,73
2012-04-16 11:56:00,71
2012-04-16 13:07:00,71
2012-04-16 13:18:00,62
2012-04-16 13:24:00,62
2012-04-16 13:32:00,61
2012-04-17 18:27:00,61
2012-04-17 18:38:00,52
2012-04-17 19:58:00,52
2012-04-17 20:11:00,42
2012-04-18 08:16:00,42
2012-04-18 10:12:00,74
2012-04-18 10:14:00,79
2012-04-18 10:18:00,78
2012-04-18 10:45:00,78
2012-04-18 10:54:00,70
2012-04-18 12:07:00,70
2012-04-18 12:19:00,61
2012-04-18 12:25:00,61
2012-04-18 12:27:00,60
2012-04-19 10:59:00,60
2012-04-19 11:09:00,52
2012-04-19 11:27:00,52
2012-04-19 11:30:00,51
2012-04-19 11:33:00,51
2012-04-19 11:34:00,51
2012-04-19 11:50:00,51
2012-04-19 12:00:00,42
2012-04-19 12:04:00,42
2012-04-19 12:06:00,41
2012-04-20 09:03:00,100
2012-04-20 09:05:00,99
2012-04-20 09:09:00,99
2012-04-20 09:12:00,98
2012-04-20 09:18:00,98
2012-04-20 09:26:00,89
2012-04-20 10:29:00,89
2012-04-20 10:33:00,89
2012-04-20 10:59:00,89
2012-04-20 11:10:00,80
2012-04-20 11:51:00,80
2012-04-20 12:03:00,71
2012-04-20 13:18:00,71
2012-04-20 13:31:00,62
2012-04-20 23:45:00,41
2012-04-21 04:13:00,100
2012-04-21 09:19:00,62
2012-04-21 09:21:00,62
2012-04-21 09:41:00,62
2012-04-21 09:47:00,58
2012-04-21 09:49:00,58
2012-04-21 09:50:00,58
2012-04-21 15:11:00,58
2012-04-21 15:14:00,57
2012-04-22 12:09:00,57
2012-04-22 12:11:00,57
2012-04-22 12:18:00,57
2012-04-22 12:20:00,56
2012-04-22 20:38:00,56
2012-04-23 00:13:00,100
2012-04-23 10:08:00,100
2012-04-23 10:19:00,91
2012-04-23 11:26:00,91
2012-04-23 11:38:00,82
2012-04-23 11:43:00,82
2012-04-23 11:45:00,81
2012-04-23 14:51:00,81
2012-04-23 15:02:00,73
2012-04-23 15:33:00,73
2012-04-23 15:37:00,72
2012-04-23 15:40:00,72
2012-04-23 15:45:00,71
2012-04-23 15:45:00,71
2012-04-23 15:49:00,70
2012-04-23 16:41:00,70
2012-04-23 16:58:00,61
2012-04-23 17:14:00,61
2012-04-23 17:56:00,52
2012-04-23 18:14:00,52
2012-04-23 18:25:00,41
2012-04-24 14:35:00,41
2012-04-24 14:55:00,47
2012-04-24 14:57:00,47
2012-04-24 15:07:00,39
2012-04-24 15:14:00,39
2012-04-24 15:27:00,31
2012-04-24 15:27:00,31
2012-04-24 18:23:00,79
2012-04-24 18:24:00,79
2012-04-24 18:26:00,79
2012-04-24 18:29:00,79
2012-04-24 18:40:00,70
2012-04-24 20:03:00,70
2012-04-24 20:17:00,58
2012-04-24 22:05:00,58
2012-04-25 01:19:00,100
2012-04-25 13:30:00,80
2012-04-25 13:48:00,69
2012-04-25 14:19:00,69
2012-04-25 14:30:00,61
2012-04-26 09:44:00,61
2012-04-26 09:46:00,60
2012-04-26 10:27:00,60
2012-04-26 10:28:00,60
2012-04-26 10:33:00,60
2012-04-26 10:35:00,59
2012-04-27 00:14:00,100
2012-04-27 00:34:00,90
2012-04-27 00:36:00,90
2012-04-27 00:37:00,90
2012-04-27 00:37:00,90
2012-04-27 01:09:00,60
2012-04-27 09:12:00,59
2012-04-27 09:21:00,52
2012-04-27 10:16:00,52
2012-04-27 10:19:00,51
2012-04-27 10:33:00,51
2012-04-27 10:42:00,42
2012-04-27 11:38:00,42
2012-04-27 11:39:00,41
2012-04-27 12:08:00,41
2012-04-27 12:10:00,41
2012-04-27 12:11:00,41
2012-04-27 12:13:00,40
2012-04-27 13:29:00,40
2012-04-27 13:31:00,40
2012-04-27 13:47:00,40
2012-04-27 13:50:00,39
2012-04-27 13:50:00,39
2012-04-27 18:04:00,100
2012-04-28 18:26:00,60
2012-04-28 18:28:00,59
2012-04-28 19:31:00,59
2012-04-28 19:32:00,57
2012-04-29 09:28:00,100
2012-04-29 09:30:00,98
2012-04-29 09:32:00,98
2012-04-29 09:40:00,88
2012-04-29 09:44:00,88
2012-04-29 10:13:00,61
2012-04-29 12:34:00,61
2012-04-29 13:07:00,41
2012-04-29 13:23:00,41
2012-04-29 13:31:00,33
2012-04-29 13:37:00,33
2012-04-29 13:39:00,32
2012-04-29 20:47:00,32
2012-04-29 20:48:00,32
2012-04-29 20:48:00,32
2012-04-29 23:11:00,57
2012-04-30 01:18:00,100
2012-04-30 02:37:00,100
2012-04-30 10:41:00,100
2012-04-30 10:51:00,92
2012-04-30 11:49:00,92
2012-04-30 11:51:00,91
2012-04-30 11:56:00,91
2012-04-30 12:11:00,82
2012-04-30 13:22:00,82
2012-04-30 13:33:00,75
2012-04-30 13:38:00,75
2012-04-30 13:48:00,65
2012-04-30 16:09:00,65
2012-04-30 16:21:00,58
2012-04-30 16:59:00,58
2012-04-30 17:12:00,48
2012-05-01 08:08:00,48
2012-05-01 10:03:00,81
2012-05-01 10:05:00,86
2012-05-01 10:07:00,86
2012-05-01 10:11:00,86
2012-05-01 10:26:00,77
2012-05-01 14:21:00,77
2012-05-01 14:43:00,66
2012-05-01 18:28:00,66
2012-05-01 18:42:00,57
2012-05-01 18:50:00,57
2012-05-01 18:53:00,56
2012-05-01 20:02:00,56
2012-05-01 20:15:00,46
2012-05-02 16:53:00,100
2012-05-02 16:55:00,99
2012-05-02 17:00:00,99
2012-05-02 17:02:00,98
2012-05-02 22:53:00,46
2012-05-03 02:45:00,100
2012-05-03 13:23:00,98
2012-05-03 13:25:00,98
2012-05-07 10:09:00,97
2012-05-07 10:20:00,89
2012-05-07 11:04:00,89
2012-05-07 11:07:00,88
2012-05-07 11:16:00,88
2012-05-07 11:24:00,79
2012-05-07 11:38:00,79
2012-05-07 11:40:00,78
2012-05-07 12:16:00,78
2012-05-07 12:25:00,70
2012-05-07 12:30:00,70
2012-05-07 12:39:00,60
2012-05-07 12:41:00,60
2012-05-07 14:37:00,99
2012-05-07 14:38:00,99
2012-05-07 14:49:00,92
2012-05-07 15:00:00,92
2012-05-07 15:11:00,82
2012-05-07 15:12:00,82
2012-05-07 17:01:00,100
2012-05-07 17:11:00,100
2012-05-07 17:44:00,73
2012-05-07 17:52:00,73
2012-05-07 18:05:00,69
2012-05-07 19:24:00,69
2012-05-07 19:48:00,45
2012-05-08 13:58:00,45
2012-05-08 14:00:00,45
2012-05-08 14:19:00,45
2012-05-08 14:21:00,44
2012-05-08 14:40:00,44
2012-05-08 18:20:00,100
2012-05-08 18:37:00,92
2012-05-08 18:41:00,90
2012-05-08 19:53:00,90
2012-05-08 20:06:00,80
2012-05-09 11:55:00,80
2012-05-09 11:57:00,80
2012-05-09 12:02:00,80
2012-05-09 12:22:00,63
2012-05-09 17:50:00,63
2012-05-09 18:08:00,44
2012-05-09 20:04:00,44
2012-05-09 20:05:00,44
2012-05-09 20:05:00,44
2012-05-10 00:02:00,100
2012-05-10 09:31:00,100
2012-05-10 09:48:00,86
2012-05-10 10:39:00,86
2012-05-10 11:07:00,66
2012-05-10 13:51:00,66
2012-05-10 14:01:00,58
2012-05-10 14:18:00,58
2012-05-10 14:20:00,58
2012-05-10 14:24:00,58
2012-05-10 14:34:00,49
2012-05-10 14:38:00,49
2012-05-10 14:40:00,48
2012-05-13 19:46:00,48
2012-05-13 23:36:00,100
2012-05-14 14:59:00,100
2012-05-14 15:10:00,92
2012-05-14 15:31:00,92
2012-05-14 15:36:00,90
2012-05-14 16:27:00,90
2012-05-14 16:31:00,89
2012-05-14 16:44:00,89
2012-05-14 17:03:00,79
2012-05-14 17:03:00,79
2012-05-14 17:05:00,78
2012-05-15 15:00:00,78
2012-05-15 15:01:00,78
2012-05-15 15:11:00,78
2012-05-15 15:13:00,77
2012-05-15 20:06:00,67
2012-05-15 20:19:00,58
2012-05-16 10:23:00,58
2012-05-16 10:34:00,50
2012-05-16 11:04:00,50
2012-05-16 11:06:00,50
2012-05-16 11:21:00,50
2012-05-16 11:29:00,41
2012-05-16 11:34:00,41
2012-05-16 11:37:00,40
2012-05-16 11:37:00,40
2012-05-16 13:16:00,69
2012-05-16 13:18:00,69
2012-05-16 13:29:00,62
2012-05-16 14:51:00,62
2012-05-16 15:03:00,52
2012-05-17 10:15:00,52
2012-05-17 14:05:00,100
2012-05-18 10:30:00,100
2012-05-18 10:41:00,92
2012-05-18 11:33:00,92
2012-05-18 11:42:00,83
2012-05-18 11:47:00,83
2012-05-18 11:55:00,79
2012-05-18 12:05:00,79
2012-05-18 12:10:00,74
2012-05-19 11:14:00,74
2012-05-19 11:17:00,74
2012-05-19 12:01:00,74
2012-05-19 12:04:00,73
2012-05-19 13:21:00,73
2012-05-19 13:24:00,72
2012-05-19 14:36:00,72
2012-05-19 14:39:00,72
2012-05-19 18:11:00,72
2012-05-19 18:13:00,71
2012-05-20 11:41:00,71
2012-05-20 11:54:00,63
2012-05-21 13:20:00,63
2012-05-21 16:08:00,100
2012-05-21 16:43:00,100
2012-05-21 17:29:00,75
2012-05-21 20:00:00,75
2012-05-21 20:37:00,50
2012-05-22 08:14:00,50
2012-05-22 10:14:00,85
2012-05-22 18:23:00,90
2012-05-22 18:27:00,90
2012-05-22 18:28:00,90
2012-05-22 18:41:00,81
2012-05-22 20:02:00,81
2012-05-22 20:13:00,74
2012-05-22 20:19:00,74
2012-05-22 20:21:00,73
2012-05-23 09:26:00,73
2012-05-23 10:07:00,85
2012-05-23 10:09:00,85
2012-05-23 10:27:00,72
2012-05-23 10:52:00,72
2012-05-23 11:10:00,59
2012-05-23 13:23:00,59
2012-05-23 13:53:00,33
2012-05-23 14:03:00,33
2012-05-23 14:08:00,31
2012-05-23 14:12:00,31
2012-05-23 14:46:00,42
2012-05-23 14:48:00,42
2012-05-23 14:58:00,35
2012-05-23 15:02:00,35
2012-05-23 15:05:00,34
2012-05-23 15:38:00,34
2012-05-23 15:40:00,33
2012-05-23 15:56:00,33
2012-05-23 16:05:00,25
2012-05-23 16:13:00,25
2012-05-23 16:16:00,24
2012-05-23 16:16:00,24
2012-05-23 18:10:00,57
2012-05-23 18:12:00,57
2012-05-23 18:21:00,50
2012-05-23 20:23:00,50
2012-05-23 20:34:00,43
2012-05-23 20:34:00,43
2012-05-24 00:22:00,100
2012-05-24 09:42:00,100
2012-05-24 09:53:00,93
2012-05-24 10:50:00,93
2012-05-24 10:59:00,85
2012-05-24 11:14:00,85
2012-05-24 11:16:00,84
2012-05-24 14:00:00,84
2012-05-24 14:02:00,84
2012-05-24 14:17:00,84
2012-05-24 14:20:00,83
2012-05-25 08:46:00,83
2012-05-25 08:55:00,77
2012-05-25 10:04:00,77
2012-05-25 10:06:00,76
2012-05-25 10:18:00,76
2012-05-25 10:20:00,76
2012-05-25 10:42:00,76
2012-05-25 10:53:00,67
2012-05-26 11:05:00,72
2012-05-26 11:07:00,72
2012-05-26 11:16:00,72
2012-05-26 11:18:00,71
2012-05-27 11:55:00,71
2012-05-27 12:05:00,70
2012-05-28 13:48:00,70
2012-05-28 13:50:00,69
2012-05-28 13:56:00,69
2012-05-28 14:00:00,67
2012-05-28 16:44:00,67
2012-05-28 16:51:00,65
2012-05-29 14:44:00,65
2012-05-29 14:55:00,57
2012-05-29 15:21:00,57
2012-05-29 15:34:00,48
2012-05-29 15:35:00,48
2012-05-29 18:32:00,100
2012-05-29 18:33:00,100
2012-05-29 18:46:00,92
2012-05-29 20:02:00,87
2012-05-29 20:14:00,78
2012-05-30 10:14:00,78
2012-05-30 10:26:00,71
2012-05-30 11:49:00,71
2012-05-30 12:00:00,62
2012-05-30 12:07:00,62
2012-05-30 12:09:00,61
2012-05-30 13:28:00,61
2012-05-30 13:29:00,61
2012-05-30 14:04:00,61
2012-05-30 14:04:00,61
2012-05-30 18:33:00,61
2012-05-30 18:45:00,54
2012-05-30 19:32:00,54
2012-05-30 19:35:00,54
2012-05-30 19:39:00,54
2012-05-30 19:51:00,43
2012-05-30 19:52:00,43
2012-05-30 23:46:00,100
2012-05-31 10:15:00,100
2012-05-31 10:16:00,99
2012-05-31 10:20:00,99
2012-05-31 10:29:00,93
2012-05-31 11:17:00,93
2012-05-31 11:29:00,83
2012-06-01 08:46:00,83
2012-06-01 08:56:00,77
2012-06-01 09:51:00,77
2012-06-01 10:00:00,68
2012-06-01 10:03:00,68
2012-06-01 10:05:00,67
2012-06-01 13:09:00,67
2012-06-01 13:31:00,52
2012-06-01 15:39:00,52
2012-06-01 16:02:00,33
2012-06-01 16:12:00,33
2012-06-01 16:36:00,41
2012-06-01 16:36:00,41
2012-06-01 16:38:00,40
2012-06-01 16:45:00,40
2012-06-01 16:55:00,34
2012-06-01 17:07:00,34
2012-06-01 17:16:00,25
2012-06-01 17:21:00,25
2012-06-01 17:23:00,24
2012-06-01 20:14:00,29
2012-06-02 01:25:00,100
2012-06-02 08:35:00,100
2012-06-02 09:12:00,71
2012-06-02 14:12:00,71
2012-06-02 14:47:00,43
2012-06-03 19:00:00,43
2012-06-03 23:05:00,100
2012-06-04 13:05:00,100
2012-06-04 13:16:00,93
2012-06-04 13:26:00,93
2012-06-04 13:29:00,93
2012-06-04 13:56:00,93
2012-06-04 14:05:00,85
2012-06-04 14:14:00,85
2012-06-04 14:18:00,84
2012-06-04 14:37:00,84
2012-06-04 14:43:00,82
2012-06-04 14:45:00,82
2012-06-04 14:49:00,79
2012-06-04 14:54:00,79
2012-06-04 14:59:00,78
2012-06-04 15:03:00,78
2012-06-04 15:09:00,74
2012-06-05 09:59:00,74
2012-06-05 10:09:00,68
2012-06-05 10:17:00,68
2012-06-05 10:23:00,67
2012-06-05 10:29:00,67
2012-06-05 10:30:00,66
2012-06-05 13:39:00,66
2012-06-05 13:48:00,58
2012-06-05 13:52:00,58
2012-06-05 13:55:00,57
2012-06-06 00:12:00,34
2012-06-06 00:25:00,26
2012-06-06 09:16:00,100
2012-06-06 09:52:00,74
2012-06-06 10:28:00,74
2012-06-06 10:37:00,73
2012-06-06 10:37:00,73
2012-06-06 11:08:00,91
2012-06-06 11:09:00,91
2012-06-06 11:14:00,91
2012-06-06 11:26:00,91
2012-06-06 11:43:00,79
2012-06-06 12:29:00,79
2012-06-06 12:50:00,65
2012-06-06 12:54:00,65
2012-06-06 13:00:00,64
2012-06-06 13:44:00,64
2012-06-06 14:24:00,40
2012-06-06 14:25:00,41
2012-06-06 14:43:00,79
2012-06-06 14:44:00,79
2012-06-06 15:03:00,69
2012-06-06 16:10:00,74
2012-06-06 16:51:00,44
2012-06-06 19:15:00,44
2012-06-06 19:27:00,36
2012-06-06 20:56:00,36
2012-06-06 21:03:00,34
2012-06-06 23:01:00,57
2012-06-07 00:25:00,26
2012-06-07 02:22:00,100
2012-06-07 05:17:00,100
2012-06-07 09:48:00,100
2012-06-07 10:00:00,92
2012-06-07 10:42:00,92
2012-06-07 11:01:00,76
2012-06-07 13:19:00,76
2012-06-07 13:36:00,62
2012-06-07 13:42:00,62
2012-06-07 13:52:00,55
2012-06-07 20:05:00,54
2012-06-07 23:22:00,100
2012-06-08 10:55:00,100
2012-06-08 11:49:00,55
2012-06-08 11:54:00,55
2012-06-08 12:13:00,39
2012-06-08 12:16:00,39
2012-06-08 12:36:00,80
2012-06-08 12:40:00,80
2012-06-08 12:42:00,83
2012-06-08 12:44:00,83
2012-06-08 13:45:00,35
2012-06-09 07:32:00,40
2012-06-09 07:32:00,40
2012-06-09 07:37:00,40
2012-06-09 07:50:00,34
2012-06-09 07:50:00,34
2012-06-09 08:12:00,80
2012-06-09 08:13:00,80
2012-06-09 08:54:00,49
2012-06-09 09:41:00,49
2012-06-09 09:51:00,39
2012-06-09 09:51:00,39
2012-06-09 10:06:00,80
2012-06-09 10:07:00,80
2012-06-09 10:39:00,97
2012-06-09 10:39:00,97
2012-06-09 11:28:00,68
2012-06-09 11:30:00,68
2012-06-09 13:40:00,91
2012-06-09 13:44:00,91
2012-06-09 14:41:00,51
2012-06-10 10:17:00,51
2012-06-10 12:13:00,83
2012-06-10 12:14:00,83
2012-06-10 12:26:00,75
2012-06-10 19:43:00,75
2012-06-10 19:55:00,65
2012-06-11 11:00:00,65
2012-06-11 11:09:00,58
2012-06-11 11:16:00,58
2012-06-11 11:19:00,57
2012-06-11 11:24:00,57
2012-06-11 11:26:00,56
2012-06-11 12:02:00,56
2012-06-11 12:11:00,46
2012-06-11 12:19:00,46
2012-06-11 12:22:00,45
2012-06-11 15:26:00,45
2012-06-11 15:35:00,39
2012-06-11 15:43:00,39
2012-06-11 15:47:00,37
2012-06-11 16:32:00,37
2012-06-11 16:44:00,27
2012-06-12 10:26:00,27
2012-06-12 15:41:00,100
2012-06-12 18:28:00,100
2012-06-12 18:40:00,92
2012-06-12 20:02:00,92
2012-06-12 20:13:00,83
2012-06-13 10:43:00,83
2012-06-13 10:51:00,78
2012-06-13 13:20:00,78
2012-06-13 13:31:00,71
2012-06-13 14:14:00,71
2012-06-13 14:24:00,63
2012-06-13 14:29:00,63
2012-06-13 14:32:00,62
2012-06-14 10:21:00,62
2012-06-14 10:23:00,62
2012-06-14 10:30:00,62
2012-06-14 10:39:00,56
2012-06-14 10:44:00,56
2012-06-14 10:54:00,45
2012-06-14 13:45:00,45
2012-06-14 13:47:00,45
2012-06-14 13:54:00,45
2012-06-14 13:57:00,44
2012-06-14 18:36:00,44
2012-06-14 18:39:00,44
2012-06-14 18:40:00,44
2012-06-14 18:45:00,42
2012-06-14 18:45:00,42
2012-06-14 18:46:00,42
2012-06-14 21:11:00,42
2012-06-14 21:18:00,39
2012-06-14 21:23:00,39
2012-06-15 01:41:00,100
2012-06-15 08:50:00,100
2012-06-15 09:00:00,93
2012-06-15 10:07:00,93
2012-06-15 10:10:00,92
2012-06-15 10:20:00,92
2012-06-15 10:29:00,85
2012-06-15 10:38:00,85
2012-06-15 10:41:00,84
2012-06-15 16:46:00,80
2012-06-15 16:47:00,80
2012-06-15 18:30:00,80
2012-06-15 18:37:00,74
2012-06-15 21:16:00,74
2012-06-15 21:20:00,69
2012-06-15 22:07:00,69
2012-06-15 22:13:00,63
2012-06-15 22:13:00,63
2012-06-16 00:55:00,100
2012-06-16 09:10:00,100
2012-06-16 09:20:00,92
2012-06-16 09:42:00,92
2012-06-16 09:52:00,84
2012-06-16 09:56:00,84
2012-06-16 09:59:00,83
2012-06-16 11:51:00,83
2012-06-16 12:27:00,62
2012-06-16 16:13:00,62
2012-06-16 16:45:00,36
2012-06-16 16:45:00,36
2012-06-16 18:42:00,70
2012-06-16 18:43:00,70
2012-06-16 18:45:00,69
2012-06-16 18:48:00,69
2012-06-16 18:50:00,68
2012-06-16 18:50:00,68
2012-06-16 21:11:00,100
2012-06-17 08:56:00,100
2012-06-17 09:38:00,73
2012-06-17 14:55:00,73
2012-06-17 15:02:00,69
2012-06-17 15:14:00,69
2012-06-17 15:22:00,66
2012-06-17 15:27:00,66
2012-06-17 15:57:00,44
2012-06-18 09:05:00,100
2012-06-18 09:29:00,82
2012-06-18 09:30:00,82
2012-06-18 09:32:00,81
2012-06-18 09:37:00,81
2012-06-18 09:40:00,81
2012-06-18 14:49:00,81
2012-06-18 14:51:00,81
2012-06-18 14:59:00,81
2012-06-18 15:01:00,80
2012-06-18 22:17:00,44
2012-06-19 02:10:00,100
2012-06-19 07:53:00,80
2012-06-19 09:40:00,100
2012-06-19 10:03:00,100
2012-06-19 10:26:00,92
2012-06-19 11:59:00,92
2012-06-19 12:06:00,89
2012-06-19 14:27:00,89
2012-06-19 14:40:00,80
2012-06-19 14:46:00,80
2012-06-19 14:48:00,79
2012-06-19 14:48:00,79
2012-06-19 15:03:00,83
2012-06-19 15:06:00,83
2012-06-19 15:38:00,63
2012-06-19 15:48:00,63
2012-06-19 16:03:00,57
2012-06-19 17:13:00,57
2012-06-19 17:36:00,33
2012-06-19 17:43:00,33
2012-06-19 17:44:00,32
2012-06-19 17:46:00,32
2012-06-19 18:36:00,43
2012-06-19 18:37:00,43
2012-06-19 18:50:00,36
2012-06-19 22:11:00,28
2012-06-19 22:17:00,26
2012-06-19 22:18:00,26
2012-06-19 22:25:00,21
2012-06-19 22:34:00,21
2012-06-19 22:35:00,21
2012-06-19 22:41:00,21
2012-06-19 22:43:00,21
2012-06-19 23:30:00,21
2012-06-19 23:34:00,20
2012-06-20 10:23:00,100
2012-06-20 10:25:00,99
2012-06-20 10:34:00,99
2012-06-20 10:36:00,99
2012-06-20 23:34:00,20
2012-06-21 04:59:00,100
2012-06-21 09:12:00,99
2012-06-21 09:23:00,90
2012-06-21 09:24:00,90
2012-06-21 09:26:00,89
2012-06-21 09:37:00,89
2012-06-21 09:46:00,82
2012-06-21 09:52:00,82
2012-06-21 09:54:00,81
2012-06-21 16:52:00,81
2012-06-21 18:32:00,100
2012-06-21 20:40:00,100
2012-06-21 21:22:00,75
2012-06-21 21:43:00,75
2012-06-21 21:44:00,74
2012-06-21 22:09:00,74
2012-06-21 22:51:00,41
2012-06-22 08:52:00,100
2012-06-22 09:01:00,92
2012-06-22 10:05:00,92
2012-06-22 10:15:00,84
2012-06-22 17:28:00,84
2012-06-22 17:30:00,83
2012-06-22 17:34:00,83
2012-06-22 17:36:00,82
2012-06-22 22:53:00,41
2012-06-23 02:40:00,100
2012-06-23 15:49:00,82
2012-06-23 15:51:00,82
2012-06-23 15:57:00,82
2012-06-23 15:59:00,81
2012-06-24 11:31:00,81
2012-06-24 11:33:00,81
2012-06-24 11:43:00,81
2012-06-24 11:45:00,80
2012-06-24 13:43:00,80
2012-06-24 13:44:00,80
2012-06-24 14:14:00,80
2012-06-24 14:15:00,79
2012-06-25 11:06:00,79
2012-06-25 11:58:00,55
2012-06-25 12:00:00,55
2012-06-25 12:01:00,55
2012-06-25 12:08:00,55
2012-06-25 14:57:00,100
2012-06-25 14:58:00,100
2012-06-25 14:58:00,100
2012-06-25 15:02:00,100
2012-06-25 15:03:00,100
2012-06-25 18:02:00,100
2012-06-25 18:06:00,100
2012-06-25 18:38:00,99
2012-06-25 18:43:00,99
2012-06-25 19:16:00,99
2012-06-25 20:22:00,18
2012-06-25 20:22:00,18
2012-06-25 21:03:00,26
2012-06-25 21:05:00,26
2012-06-25 21:15:00,21
2012-06-25 21:17:00,23
2012-06-25 21:38:00,80
2012-06-25 21:40:00,80
2012-06-25 22:02:00,65
2012-06-26 06:58:00,65
2012-06-26 07:07:00,59
2012-06-26 07:08:00,59
2012-06-26 07:23:00,80
2012-06-26 07:24:00,80
2012-06-26 08:36:00,22
2012-06-26 08:37:00,22
2012-06-26 13:39:00,100
2012-06-28 17:17:00,100
2012-06-28 17:29:00,92
2012-06-28 18:04:00,92
2012-06-28 18:08:00,90
2012-06-28 18:14:00,90
2012-06-28 18:25:00,82
2012-06-28 19:19:00,82
2012-06-28 19:45:00,66
2012-06-28 19:46:00,66
2012-06-28 20:05:00,51
2012-06-29 06:42:00,51
2012-06-29 07:07:00,35
2012-06-29 07:07:00,35
2012-06-29 11:20:00,100
2012-06-29 14:33:00,100
2012-06-29 14:40:00,98
2012-06-29 14:45:00,98
2012-06-29 15:15:00,78
2012-06-29 20:23:00,78
2012-06-29 20:25:00,78
2012-06-29 21:06:00,78
2012-06-29 21:21:00,71
2012-06-29 21:52:00,71
2012-06-29 22:05:00,65
2012-06-30 09:56:00,65
2012-06-30 10:21:00,52
2012-06-30 10:53:00,52
2012-06-30 10:56:00,52
2012-06-30 11:30:00,52
2012-06-30 11:35:00,50
2012-06-30 11:55:00,50
2012-06-30 11:58:00,50
2012-06-30 12:20:00,50
2012-06-30 12:46:00,35
2012-06-30 12:46:00,35
2012-06-30 15:36:00,66
2012-06-30 15:36:00,66
2012-06-30 15:53:00,69
2012-06-30 15:54:00,69
2012-06-30 15:59:00,64
2012-06-30 16:06:00,64
2012-06-30 16:11:00,62
2012-06-30 19:58:00,62
2012-06-30 19:59:00,62
2012-06-30 19:59:00,62
2012-06-30 23:58:00,100
2012-07-01 17:05:00,100
2012-07-01 17:12:00,96
2012-07-02 06:33:00,96
2012-07-02 06:57:00,78
2012-07-02 06:58:00,78
2012-07-02 08:42:00,100
2012-07-02 15:43:00,100
2012-07-02 15:53:00,95
2012-07-02 16:05:00,95
2012-07-02 16:24:00,82
2012-07-02 16:33:00,82
2012-07-02 16:55:00,80
2012-07-03 06:45:00,80
2012-07-03 07:06:00,66
2012-07-03 07:07:00,66
2012-07-03 09:37:00,100
2012-07-03 15:06:00,100
2012-07-03 15:17:00,95
2012-07-03 15:30:00,95
2012-07-03 15:30:00,95
2012-07-03 15:34:00,95
2012-07-03 15:34:00,95
2012-07-03 19:41:00,95
2012-07-03 19:44:00,94
2012-07-04 06:54:00,80
2012-07-04 07:15:00,66
2012-07-04 07:16:00,66
2012-07-04 09:41:00,100
2012-07-04 10:09:00,100
2012-07-04 10:15:00,97
2012-07-04 10:24:00,97
2012-07-04 10:29:00,95
2012-07-04 10:38:00,95
2012-07-04 10:42:00,94
2012-07-04 10:49:00,94
2012-07-04 10:53:00,93
2012-07-04 11:08:00,93
2012-07-04 11:12:00,91
2012-07-04 11:15:00,91
2012-07-04 11:27:00,88
2012-07-04 11:27:00,88
2012-07-04 12:30:00,100
2012-07-04 15:04:00,100
2012-07-04 15:13:00,96
2012-07-04 15:16:00,96
2012-07-04 15:31:00,84
2012-07-04 15:32:00,84
2012-07-04 15:36:00,82
2012-07-05 06:32:00,82
2012-07-05 06:45:00,70
2012-07-05 06:48:00,69
2012-07-05 06:59:00,66
2012-07-05 06:59:00,66
2012-07-05 09:19:00,100
2012-07-05 11:38:00,100
2012-07-05 11:43:00,98
2012-07-05 11:45:00,98
2012-07-05 11:48:00,97
2012-07-05 11:54:00,97
2012-07-05 12:11:00,90
2012-07-05 12:11:00,90
2012-07-05 13:02:00,100
2012-07-05 14:56:00,100
2012-07-05 15:24:00,94
2012-07-05 15:30:00,94
2012-07-05 16:04:00,81
2012-07-05 16:05:00,81
2012-07-05 16:09:00,81
2012-07-06 06:31:00,81
2012-07-06 06:53:00,69
2012-07-06 06:54:00,69
2012-07-06 06:55:00,69
2012-07-06 07:02:00,69
2012-07-06 07:05:00,69
2012-07-06 07:05:00,69
2012-07-06 09:13:00,100
2012-07-16 12:20:00,98
2012-07-16 12:33:00,97
2012-07-16 15:27:00,97
2012-07-16 15:27:00,97
2012-07-16 15:53:00,97
2012-07-16 15:54:00,97
2012-07-16 17:13:00,97
2012-07-16 17:13:00,97
2012-07-16 17:24:00,97
2012-07-16 17:27:00,96
2012-07-16 18:14:00,96
2012-07-16 18:15:00,96
2012-07-17 05:02:00,99
2012-07-17 08:39:00,92
2012-07-17 08:47:00,92
2012-07-17 09:34:00,91
2012-08-02 13:02:00,91
2012-08-02 13:48:00,78
2013-08-08 18:20:00,99
2013-08-08 19:18:00,72
2013-08-08 19:35:00,72
2013-08-08 19:42:00,67
2013-08-08 20:00:00,67
2013-08-08 20:07:00,63
2013-08-08 20:36:00,63
2013-08-08 20:40:00,63
2013-08-08 20:40:00,63
2013-08-08 20:41:00,63
2013-08-08 20:41:00,63
2013-08-08 23:13:00,100
2013-08-09 05:57:00,99
2013-08-09 06:09:00,95
2013-08-09 13:26:00,95
2013-08-09 13:36:00,90
2013-08-09 15:24:00,90
2013-08-09 15:35:00,86
2013-08-09 15:41:00,86
2013-08-09 16:00:00,82
2013-08-09 16:01:00,82
2013-08-09 16:02:00,82
2013-08-09 16:03:00,82
2013-08-09 16:11:00,79
2013-08-09 16:29:00,79
2013-08-09 16:37:00,77
2013-08-09 17:35:00,77
2013-08-09 17:40:00,71
2013-08-09 17:43:00,71
2013-08-09 17:47:00,69
2013-08-09 19:11:00,69
2013-08-09 19:29:00,63
2013-08-09 19:39:00,63
2013-08-09 20:22:00,48
2013-08-10 08:08:00,48
2013-08-10 08:16:00,44
2013-08-10 08:28:00,44
2013-08-10 08:35:00,42
2013-08-10 08:35:00,42
2013-08-10 08:54:00,47
2013-08-10 08:55:00,47
2013-08-10 09:12:00,32
2013-08-10 09:12:00,32
2013-08-10 13:37:00,100
2013-08-10 14:58:00,100
2013-08-10 14:58:00,100
2013-08-10 15:57:00,100
2013-08-10 16:31:00,84
2013-08-10 16:31:00,84
2013-08-10 16:54:00,98
2013-08-10 16:59:00,98
2013-08-10 17:19:00,89
2013-08-10 17:30:00,89
2013-08-10 17:39:00,86
2013-08-10 17:41:00,86
2013-08-10 17:46:00,82
2013-08-10 17:52:00,82
2013-08-10 17:59:00,79
2013-08-10 18:00:00,79
2013-08-10 18:03:00,79
2013-08-10 18:04:00,79
2013-08-10 18:12:00,76
2013-08-10 18:12:00,76
2013-08-10 19:57:00,100
2013-08-11 08:17:00,100
2013-08-11 08:27:00,95
2013-08-11 08:31:00,95
2013-08-11 08:48:00,88
2013-08-11 09:14:00,88
2013-08-11 09:31:00,80
2013-08-11 09:45:00,80
2013-08-11 09:52:00,77
2013-08-11 10:02:00,77
2013-08-11 10:37:00,58
2013-08-11 10:45:00,58
2013-08-11 10:50:00,55
2013-08-11 10:50:00,55
2013-08-11 11:34:00,68
2013-08-11 11:35:00,68
2013-08-11 11:42:00,61
2013-08-11 11:47:00,61
2013-08-11 11:51:00,59
2013-08-11 12:20:00,59
2013-08-11 12:28:00,52
2013-08-11 12:28:00,52
2013-08-11 13:04:00,62
2013-08-11 13:05:00,62
2013-08-11 13:12:00,59
2013-08-11 13:29:00,59
2013-08-11 13:36:00,57
2013-08-11 13:36:00,57
2013-08-11 16:27:00,100
2013-08-11 16:32:00,100
2013-08-11 16:41:00,95
2013-08-11 16:45:00,95
2013-08-11 17:02:00,87
2013-08-11 17:02:00,87
2013-08-11 17:42:00,100
2013-08-11 17:44:00,100
2013-08-11 18:26:00,92
2013-08-12 06:52:00,92
2013-08-12 07:01:00,88
2013-08-12 07:04:00,88
2013-08-12 07:11:00,84
2013-08-12 07:16:00,84
2013-08-12 07:26:00,79
2013-08-12 16:39:00,79
2013-08-12 16:51:00,74
2013-08-12 17:20:00,74
2013-08-12 17:33:00,69
2013-08-12 17:34:00,69
2013-08-12 17:34:00,69
2013-08-12 17:34:00,69
2013-08-12 17:35:00,69
2013-08-12 17:47:00,69
2013-08-12 17:54:00,67
2013-08-12 17:54:00,67
2013-08-12 18:33:00,78
2013-08-12 18:35:00,78
2013-08-12 18:43:00,74
2013-08-12 18:51:00,74
2013-08-12 19:04:00,69
2013-08-12 19:04:00,69
2013-08-12 21:20:00,100
2013-08-13 06:48:00,100
2013-08-13 06:55:00,96
2013-08-13 06:57:00,96
2013-08-13 07:53:00,47
2013-08-13 11:09:00,47
2013-08-13 11:13:00,46
2013-08-13 11:13:00,46
2013-08-13 11:16:00,46
2013-08-13 11:16:00,46
2013-08-13 11:34:00,80
2013-08-13 11:46:00,80
2013-08-13 12:19:00,42
2013-08-13 12:21:00,43
2013-08-13 12:35:00,80
2013-08-13 12:38:00,80
2013-08-13 12:59:00,70
2013-08-13 13:01:00,70
2013-08-13 13:15:00,65
2013-08-13 16:06:00,65
2013-08-13 16:14:00,61
2013-08-13 16:23:00,61
2013-08-13 16:33:00,57
2013-08-14 06:35:00,57
2013-08-14 06:36:00,57
2013-08-14 06:36:00,57
2013-08-14 07:17:00,70
2013-08-14 07:20:00,70
2013-08-14 07:27:00,66
2013-08-14 07:38:00,66
2013-08-14 07:53:00,59
2013-08-14 17:12:00,59
2013-08-14 17:23:00,53
2013-08-14 18:39:00,53
2013-08-14 18:40:00,53
2013-08-14 18:40:00,53
2013-08-14 18:46:00,54
2013-08-14 18:46:00,54
2013-08-14 18:58:00,48
2013-08-14 18:59:00,48
2013-08-14 19:16:00,34
2013-08-14 19:18:00,36
2013-08-14 19:38:00,80
2013-08-14 19:40:00,80
2013-08-14 19:47:00,76
2013-08-14 22:03:00,76
2013-08-14 22:26:00,67
2013-08-14 22:26:00,67
2013-08-15 00:52:00,100
2013-08-15 06:50:00,100
2013-08-15 07:00:00,95
2013-08-15 07:10:00,95
2013-08-15 07:24:00,89
2013-08-15 17:09:00,89
2013-08-15 17:20:00,84
2013-08-15 17:27:00,84
2013-08-15 17:34:00,81
2013-08-15 17:43:00,81
2013-08-15 17:49:00,78
2013-08-15 19:13:00,78
2013-08-15 19:26:00,69
2013-08-15 22:09:00,69
2013-08-15 22:29:00,60
2013-08-16 05:43:00,60
2013-08-16 06:32:00,74
2013-08-16 06:33:00,74
2013-08-16 06:43:00,70
2013-08-16 16:29:00,70
2013-08-16 16:39:00,65
2013-08-16 16:39:00,65
2013-08-16 17:10:00,74
2013-08-16 17:10:00,74
2013-08-16 17:16:00,76
2013-08-16 17:16:00,76
2013-08-16 17:46:00,65
2013-08-16 18:50:00,65
2013-08-16 19:12:00,54
2013-08-16 19:25:00,54
2013-08-16 19:34:00,50
2013-08-16 19:34:00,50
2013-08-16 22:47:00,100
2013-08-17 03:03:00,100
2013-08-17 03:38:00,89
2013-08-17 07:02:00,89
2013-08-17 07:12:00,84
2013-08-17 08:00:00,84
2013-08-17 08:09:00,78
2013-08-17 08:20:00,78
2013-08-17 08:29:00,75
2013-08-17 08:29:00,75
2013-08-17 08:35:00,72
2013-08-17 08:35:00,72
2013-08-17 09:02:00,80
2013-08-17 09:03:00,80
2013-08-17 09:09:00,76
2013-08-17 09:26:00,76
2013-08-17 09:28:00,74
2013-08-17 09:33:00,74
2013-08-17 09:40:00,70
2013-08-17 09:42:00,70
2013-08-17 10:18:00,81
2013-08-17 10:20:00,81
2013-08-17 10:28:00,75
2013-08-17 10:44:00,75
2013-08-17 10:51:00,69
2013-08-17 10:51:00,69
2013-08-17 12:15:00,94
2013-08-17 12:16:00,94
2013-08-17 12:44:00,71
2013-08-17 12:47:00,71
2013-08-17 12:51:00,71
2013-08-17 12:52:00,71
2013-08-17 14:38:00,98
2013-08-17 14:38:00,98
2013-08-17 15:03:00,78
2013-08-17 15:15:00,78
2013-08-17 15:21:00,75
2013-08-17 16:45:00,75
2013-08-17 16:51:00,73
2013-08-17 17:00:00,73
2013-08-17 17:07:00,70
2013-08-17 20:25:00,70
2013-08-17 20:26:00,70
2013-08-17 20:27:00,70
2013-08-17 22:27:00,100
2013-08-18 07:55:00,100
2013-08-18 08:18:00,89
2013-08-18 08:44:00,89
2013-08-18 09:09:00,79
2013-08-18 12:31:00,79
2013-08-18 12:41:00,74
2013-08-18 12:42:00,74
2013-08-18 12:53:00,69
2013-08-18 16:13:00,69
2013-08-18 16:37:00,58
2013-08-18 16:38:00,58
2013-08-18 16:52:00,80
2013-08-18 16:58:00,80
2013-08-18 17:00:00,83
2013-08-18 17:01:00,83
2013-08-18 17:25:00,71
2013-08-19 07:14:00,71
2013-08-19 07:36:00,57
2013-08-19 07:40:00,57
2013-08-19 07:46:00,54
2013-08-19 07:53:00,54
2013-08-19 08:02:00,49
2013-08-19 08:08:00,49
2013-08-19 08:52:00,28
2013-08-19 08:52:00,28
2013-08-19 09:14:00,80
2013-08-19 09:16:00,80
2013-08-19 09:42:00,95
2013-08-19 09:42:00,95
2013-08-19 10:04:00,84
2013-08-19 10:34:00,84
2013-08-19 11:15:00,55
2013-08-19 15:15:00,55
2013-08-19 15:26:00,50
2013-08-19 15:36:00,50
2013-08-19 15:38:00,49
2013-08-19 15:57:00,49
2013-08-19 16:00:00,49
2013-08-19 16:05:00,49
2013-08-19 16:12:00,45
2013-08-19 16:14:00,45
2013-08-19 16:24:00,41
2013-08-19 16:25:00,40
2013-08-19 16:37:00,34
2013-08-19 16:44:00,34
2013-08-19 16:51:00,31
2013-08-19 16:51:00,31
2013-08-19 21:21:00,100
2013-08-20 06:20:00,100
2013-08-20 06:53:00,84
2013-08-20 06:55:00,84
2013-08-20 07:03:00,81
2013-08-20 07:43:00,81
2013-08-20 07:57:00,76
2013-08-20 08:22:00,76
2013-08-20 08:27:00,72
2013-08-20 09:39:00,72
2013-08-20 09:47:00,67
2013-08-20 10:21:00,67
2013-08-20 10:28:00,61
2013-08-20 10:28:00,61
2013-08-20 10:56:00,69
2013-08-20 10:56:00,69
2013-08-20 11:27:00,29
2013-08-20 11:28:00,29
2013-08-20 11:47:00,80
2013-08-20 11:48:00,80
2013-08-20 12:13:00,70
2013-08-20 12:22:00,70
2013-08-20 12:51:00,47
2013-08-20 13:11:00,47
2013-08-20 13:13:00,46
2013-08-20 13:18:00,46
2013-08-20 13:18:00,46
2013-08-20 13:52:00,46
2013-08-20 13:56:00,46
2013-08-20 13:57:00,46
2013-08-20 13:57:00,46
2013-08-20 13:57:00,46
2013-08-20 13:58:00,46
2013-08-21 10:57:00,46
2013-08-21 10:58:00,46
2013-08-21 11:10:00,46
2013-08-21 11:12:00,46
2013-08-21 11:14:00,46
2013-08-21 11:15:00,46
2013-09-12 12:49:00,46
2013-09-12 12:50:00,46
2013-09-12 12:50:00,46
2013-09-12 13:11:00,40
2013-09-12 14:46:00,40
2013-09-12 14:49:00,40
2013-09-12 14:49:00,40
2013-09-12 15:22:00,49
2013-09-12 15:22:00,49
2013-09-12 15:50:00,28
2013-09-12 15:50:00,28
2013-09-12 16:00:00,31
2013-09-12 16:03:00,31
2013-09-12 16:18:00,24
2013-09-12 16:18:00,24
2013-09-12 17:11:00,41
2013-09-12 17:11:00,41
2013-09-12 17:19:00,36
2013-09-12 17:36:00,36
2013-09-12 17:45:00,30
2013-09-12 17:45:00,30
2013-09-12 22:18:00,100
2013-09-13 06:21:00,100
2013-09-13 06:27:00,96
2013-09-13 06:53:00,96
2013-09-13 06:56:00,95
2013-09-13 06:58:00,95
2013-09-13 07:07:00,86
2013-09-13 07:11:00,86
2013-09-13 07:25:00,75
2013-09-13 07:25:00,75
2013-09-13 08:32:00,95
2013-09-13 08:35:00,95
2013-09-13 08:42:00,91
2013-09-13 08:42:00,91
2013-09-13 08:54:00,89
2013-09-13 09:03:00,89
2013-09-13 09:05:00,87
2013-09-13 09:08:00,87
2013-09-13 09:25:00,76
2013-09-13 09:38:00,76
2013-09-13 09:59:00,67
2013-09-13 10:09:00,67
2013-09-13 10:10:00,66
2013-09-13 10:13:00,66
2013-09-13 10:28:00,55
2013-09-13 10:29:00,55
2013-09-13 10:43:00,80
2013-09-13 10:49:00,80
2013-09-13 11:01:00,71
2013-09-13 12:27:00,71
2013-09-13 12:32:00,67
2013-09-13 12:39:00,67
2013-09-13 12:44:00,63
2013-09-13 12:45:00,63
2013-09-13 15:14:00,100
2013-09-13 16:18:00,100
2013-09-13 16:42:00,79
2013-09-13 16:43:00,79
2013-09-13 16:43:00,79
2013-09-13 16:44:00,79
2013-09-13 17:22:00,89
2013-09-13 17:24:00,89
2013-09-13 17:53:00,69
2013-09-13 17:53:00,69
2013-09-13 19:57:00,99
2013-09-14 08:45:00,99
2013-09-14 08:54:00,94
2013-09-14 10:40:00,94
2013-09-14 10:48:00,91
2013-09-14 11:10:00,91
2013-09-14 11:16:00,88
2013-09-14 11:30:00,88
2013-09-14 11:39:00,84
2013-09-14 12:20:00,84
2013-09-14 12:34:00,79
2013-09-14 15:03:00,79
2013-09-14 15:10:00,78
2013-09-14 15:29:00,78
2013-09-14 15:36:00,75
2013-09-14 17:12:00,75
2013-09-14 17:14:00,75
2013-09-14 17:14:00,75
2013-09-14 17:14:00,75
2013-09-14 17:15:00,75
2013-09-14 19:12:00,100
2013-09-15 06:52:00,100
2013-09-15 07:04:00,95
2013-09-15 07:29:00,95
2013-09-15 07:35:00,91
2013-09-15 07:38:00,91
2013-09-15 07:50:00,82
2013-09-15 07:50:00,82
2013-09-15 09:16:00,100
2013-09-15 10:24:00,100
2013-09-15 10:53:00,85
2013-09-15 11:22:00,85
2013-09-15 11:31:00,83
2013-09-15 11:38:00,83
2013-09-15 12:00:00,70
2013-09-15 12:25:00,70
2013-09-15 12:30:00,67
2013-09-15 12:38:00,67
2013-09-15 12:43:00,63
2013-09-15 17:26:00,63
2013-09-15 17:39:00,67
2013-09-15 17:41:00,67
2013-09-15 17:56:00,65
2013-09-15 17:58:00,65
2013-09-15 18:03:00,63
2013-09-15 18:26:00,63
2013-09-15 18:35:00,59
2013-09-15 18:35:00,59
2013-09-15 21:32:00,100
2013-09-16 07:05:00,100
2013-09-16 07:14:00,95
2013-09-16 07:22:00,95
2013-09-16 07:36:00,87
2013-09-16 17:31:00,87
2013-09-16 17:40:00,82
2013-09-16 17:40:00,82
2013-09-16 17:59:00,87
2013-09-16 18:01:00,87
2013-09-16 18:14:00,81
2013-09-16 19:34:00,81
2013-09-16 19:51:00,73
2013-09-16 19:51:00,73
2013-09-16 21:57:00,98
2013-09-17 06:25:00,97
2013-09-17 06:34:00,90
2013-09-17 13:28:00,90
2013-09-17 13:38:00,85
2013-09-17 13:39:00,85
2013-09-17 14:52:00,98
2013-09-17 15:49:00,98
2013-09-17 16:06:00,93
2013-09-17 16:09:00,93
2013-09-17 16:09:00,93
2013-09-17 16:13:00,93
2013-09-17 16:43:00,80
2013-09-17 16:43:00,80
2013-09-17 16:44:00,80
2013-09-17 17:26:00,80
2013-09-17 17:51:00,65
2013-09-17 18:02:00,65
2013-09-17 18:09:00,63
2013-09-17 18:09:00,63
2013-09-17 18:56:00,77
2013-09-17 18:57:00,77
2013-09-17 19:08:00,72
2013-09-17 19:08:00,72
2013-09-17 19:17:00,70
2013-09-17 19:20:00,70
2013-09-17 19:26:00,67
2013-09-17 19:26:00,67
2013-09-17 21:41:00,98
2013-09-18 07:45:00,97
2013-09-18 07:55:00,91
2013-09-18 21:45:00,91
2013-09-18 21:56:00,82
2013-09-18 22:23:00,82
2013-09-18 22:24:00,82
2013-09-18 22:24:00,82
2013-09-18 23:50:00,99
2013-09-19 06:43:00,99
2013-09-19 06:50:00,94
2013-09-19 06:55:00,94
2013-09-19 07:02:00,89
2013-09-19 07:02:00,89
2013-09-19 08:01:00,99
2013-09-19 08:07:00,99
2013-09-19 09:15:00,54
2013-09-19 09:33:00,55
2013-09-19 09:50:00,80
2013-09-19 09:51:00,80
2013-09-19 10:29:00,24
2013-09-19 10:30:00,24
2013-09-19 10:52:00,80
2013-09-19 10:53:00,80
2013-09-19 11:04:00,74
2013-09-19 11:12:00,74
2013-09-19 11:24:00,66
2013-09-19 11:32:00,66
2013-09-19 11:39:00,61
2013-09-19 11:54:00,61
2013-09-19 12:02:00,56
2013-09-19 12:02:00,56
2013-09-19 14:53:00,100
2013-09-19 15:45:00,100
2013-09-19 15:54:00,96
2013-09-19 16:04:00,96
2013-09-19 16:09:00,95
2013-09-19 16:16:00,95
2013-09-19 16:22:00,94
2013-09-19 16:42:00,94
2013-09-19 16:49:00,92
2013-09-20 05:52:00,92
2013-09-20 05:53:00,91
2013-09-20 06:13:00,91
2013-09-20 06:23:00,85
2013-09-20 13:32:00,85
2013-09-20 13:42:00,80
2013-09-20 13:43:00,80
2013-09-20 14:04:00,86
2013-09-20 14:05:00,86
2013-09-20 14:13:00,83
2013-09-20 14:23:00,83
2013-09-20 14:28:00,81
2013-09-20 14:44:00,81
2013-09-20 14:51:00,79
2013-09-20 15:48:00,79
2013-09-20 16:13:00,66
2013-09-20 16:13:00,66
2013-09-20 18:18:00,97
2013-09-20 18:19:00,97
2013-09-20 18:42:00,84
2013-09-21 08:46:00,84
2013-09-21 08:54:00,77
2013-09-21 10:06:00,77
2013-09-21 10:16:00,74
2013-09-21 10:16:00,74
2013-09-21 12:16:00,99
2013-09-21 12:50:00,99
2013-09-21 13:06:00,92
2013-09-21 13:21:00,92
2013-09-21 13:29:00,90
2013-09-21 17:08:00,90
2013-09-21 17:23:00,83
2013-09-21 17:31:00,83
2013-09-21 17:36:00,81
2013-09-21 17:51:00,81
2013-09-21 18:00:00,77
2013-09-22 09:58:00,77
2013-09-22 10:20:00,66
2013-09-22 10:20:00,66
2013-09-22 12:54:00,100
2013-09-22 14:16:00,100
2013-09-22 14:23:00,97
2013-09-22 14:40:00,97
2013-09-22 14:47:00,94
2013-09-22 19:09:00,94
2013-09-22 19:12:00,93
2013-09-22 19:33:00,93
2013-09-22 19:37:00,91
2013-09-23 07:02:00,91
2013-09-23 07:12:00,86
2013-09-23 16:33:00,86
2013-09-23 16:42:00,81
2013-09-23 17:03:00,81
2013-09-23 17:09:00,77
2013-09-23 17:22:00,77
2013-09-23 17:35:00,72
2013-09-23 17:36:00,72
2013-09-23 19:43:00,98
2013-09-24 05:29:00,98
2013-09-24 05:40:00,90
2013-09-24 05:46:00,89
2013-09-24 05:56:00,83
2013-09-24 06:40:00,83
2013-09-24 06:50:00,77
2013-09-24 06:56:00,77
2013-09-24 07:02:00,72
2013-09-24 09:04:00,72
2013-09-24 09:09:00,68
2013-09-24 09:13:00,68
2013-09-24 09:17:00,63
2013-09-24 09:32:00,63
2013-09-24 09:37:00,57
2013-09-24 10:46:00,57
2013-09-24 13:45:00,100
2013-09-25 16:32:00,100
2013-09-25 16:43:00,95
2013-09-25 16:45:00,95
2013-09-25 16:51:00,94
2013-09-25 17:02:00,94
2013-09-25 17:07:00,91
2013-09-25 17:10:00,91
2013-09-25 17:16:00,89
2013-09-25 17:18:00,89
2013-09-25 18:24:00,99
2013-09-26 07:07:00,99
2013-09-26 07:17:00,93
2013-09-26 07:25:00,93
2013-09-26 07:41:00,82
2013-09-26 17:29:00,82
2013-09-26 17:47:00,73
2013-09-26 17:57:00,73
2013-09-26 18:02:00,70
2013-09-26 19:15:00,70
2013-09-26 21:22:00,100
2013-09-26 21:22:00,100
2013-09-26 21:35:00,85
2013-09-26 21:40:00,84
2013-09-26 21:48:00,75
2013-09-26 21:48:00,75
2013-09-26 23:46:00,100
2013-09-27 07:05:00,99
2013-09-27 07:16:00,92
2013-09-27 17:30:00,92
2013-09-27 17:39:00,87
2013-09-28 06:02:00,87
2013-09-28 06:11:00,81
2013-09-28 07:32:00,81
2013-09-28 07:43:00,73
2013-09-28 08:08:00,73
2013-09-28 08:12:00,68
2013-09-28 08:12:00,68
2013-09-28 08:46:00,78
2013-09-28 08:47:00,78
2013-09-28 08:51:00,76
2013-09-28 08:53:00,76
2013-09-28 08:58:00,69
2013-09-28 10:01:00,69
2013-09-28 10:08:00,65
2013-09-28 10:43:00,65
2013-09-28 10:50:00,60
2013-09-28 11:20:00,60
2013-09-28 11:24:00,59
2013-09-28 11:39:00,59
2013-09-28 11:47:00,54
2013-09-28 11:49:00,54
2013-09-28 14:08:00,98
2013-09-28 14:08:00,98
2013-09-28 14:22:00,93
2013-09-28 15:33:00,93
2013-09-28 15:41:00,90
2013-09-28 15:59:00,90
2013-09-28 16:07:00,87
2013-09-29 07:14:00,87
2013-09-29 07:21:00,80
2013-09-29 07:46:00,79
2013-09-29 08:09:00,66
2013-09-29 08:26:00,66
2013-09-29 08:28:00,65
2013-09-29 08:31:00,65
2013-09-29 08:36:00,61
2013-09-29 08:36:00,61
2013-09-29 09:56:00,84
2013-09-29 09:57:00,84
2013-09-29 11:15:00,100
2013-09-29 11:17:00,100
2013-09-29 11:47:00,77
2013-09-29 12:41:00,77
2013-09-29 12:52:00,72
2013-09-29 13:05:00,72
2013-09-29 13:38:00,49
2013-09-29 13:51:00,49
2013-09-29 14:03:00,47
2013-09-29 14:05:00,47
2013-09-29 14:18:00,43
2013-09-29 14:25:00,43
2013-09-29 14:31:00,41
2013-09-29 14:31:00,41
2013-09-29 16:48:00,82
2013-09-29 16:49:00,82
2013-09-29 16:55:00,79
2013-09-29 17:01:00,79
2013-09-29 17:08:00,76
2013-09-29 17:08:00,76
2013-09-29 19:10:00,100
2013-09-30 06:57:00,99
2013-09-30 07:07:00,93
2013-09-30 16:28:00,93
2013-09-30 16:37:00,88
2013-10-01 05:44:00,88
2013-10-01 05:51:00,83
2013-10-01 06:01:00,83
2013-10-01 06:08:00,78
2013-10-01 06:14:00,78
2013-10-01 06:24:00,73
2013-10-01 13:09:00,73
2013-10-01 13:18:00,68
2013-10-01 13:20:00,68
2013-10-01 15:49:00,100
2013-10-01 16:07:00,100
2013-10-01 16:28:00,92
2013-10-01 17:30:00,92
2013-10-01 17:38:00,87
2013-10-01 17:42:00,87
2013-10-01 17:51:00,83
2013-10-01 17:52:00,83
2013-10-01 19:15:00,98
2013-10-02 07:16:00,98
2013-10-02 07:26:00,92
2013-10-02 07:37:00,92
2013-10-02 07:51:00,84
2013-10-02 15:08:00,84
2013-10-02 15:17:00,79
2013-10-02 15:17:00,79
2013-10-02 15:30:00,82
2013-10-02 15:30:00,82
2013-10-02 15:53:00,72
2013-10-02 16:23:00,72
2013-10-02 16:43:00,63
2013-10-02 16:48:00,63
2013-10-02 16:54:00,61
2013-10-02 17:05:00,61
2013-10-02 17:13:00,58
2013-10-02 17:14:00,58
2013-10-02 18:45:00,84
2013-10-02 18:46:00,89
2013-10-02 19:04:00,82
2013-10-02 19:05:00,82
2013-10-02 20:52:00,100
2013-10-03 07:55:00,100
2013-10-03 08:03:00,96
2013-10-03 08:08:00,95
2013-10-03 08:11:00,94
2013-10-03 08:19:00,94
2013-10-03 08:20:00,94
2013-10-03 08:34:00,94
2013-10-03 08:41:00,90
2013-10-03 08:53:00,90
2013-10-03 09:01:00,86
2013-10-03 09:13:00,86
2013-10-03 09:23:00,82
2013-10-03 11:42:00,82
2013-10-03 11:53:00,77
2013-10-03 11:58:00,77
2013-10-03 12:08:00,71
2013-10-03 13:13:00,71
2013-10-03 13:21:00,68
2013-10-03 13:25:00,68
2013-10-03 13:33:00,64
2013-10-03 14:43:00,64
2013-10-03 14:55:00,60
2013-10-03 15:09:00,60
2013-10-03 15:12:00,59
2013-10-03 15:26:00,59
2013-10-03 15:36:00,55
2013-10-03 15:37:00,55
2013-10-03 16:09:00,65
2013-10-03 16:10:00,65
2013-10-03 16:17:00,62
2013-10-03 16:25:00,62
2013-10-03 16:31:00,59
2013-10-03 16:31:00,59
2013-10-03 19:29:00,100
2013-10-04 07:41:00,100
2013-10-04 07:49:00,96
2013-10-04 07:57:00,96
2013-10-04 08:02:00,95
2013-10-04 08:04:00,95
2013-10-04 08:10:00,91
2013-10-04 12:28:00,91
2013-10-04 12:49:00,80
2013-10-04 13:55:00,80
2013-10-04 13:59:00,79
2013-10-04 14:16:00,79
2013-10-04 14:20:00,79
2013-10-04 14:21:00,79
2013-10-04 14:42:00,91
2013-10-04 14:43:00,91
2013-10-04 15:07:00,78
2013-10-04 15:18:00,78
2013-10-04 15:27:00,74
2013-10-04 15:59:00,70
2013-10-04 16:10:00,66
2013-10-04 16:10:00,66
2013-10-04 18:40:00,99
2013-10-05 08:45:00,99
2013-10-05 08:53:00,95
2013-10-05 09:58:00,95
2013-10-05 10:02:00,94
2013-10-05 14:56:00,91
2013-10-05 15:03:00,88
2013-10-05 15:24:00,88
2013-10-05 16:08:00,71
2013-10-05 16:08:00,71
2013-10-05 18:14:00,98
2013-10-06 08:52:00,98
2013-10-06 08:59:00,93
2013-10-06 09:13:00,93
2013-10-06 09:23:00,88
2013-10-06 09:31:00,88
2013-10-06 10:01:00,74
2013-10-06 12:14:00,74
2013-10-06 12:20:00,72
2013-10-06 13:06:00,72
2013-10-06 13:39:00,62
2013-10-06 13:42:00,62
2013-10-06 13:44:00,62
2013-10-06 13:50:00,62
2013-10-06 14:05:00,54
2013-10-06 14:05:00,54
2013-10-06 14:06:00,54
2013-10-06 14:06:00,54
2013-10-06 16:39:00,100
2013-10-06 16:40:00,100
2013-10-06 16:47:00,95
2013-10-06 16:59:00,95
2013-10-06 17:01:00,95
2013-10-06 17:04:00,95
2013-10-06 17:08:00,93
2013-10-06 17:18:00,93
2013-10-06 17:23:00,90
2013-10-06 17:42:00,90
2013-10-06 17:51:00,86
2013-10-06 17:59:00,86
2013-10-06 18:07:00,83
2013-10-06 18:07:00,83
2013-10-06 19:37:00,100
2013-10-06 20:29:00,100
2013-10-06 20:46:00,86
2013-10-06 20:46:00,86
2013-10-06 21:52:00,100
2013-10-07 07:14:00,99
2013-10-07 07:18:00,97
2013-10-07 07:20:00,97
2013-10-07 07:29:00,92
2013-10-07 14:27:00,92
2013-10-07 14:42:00,85
2013-10-07 14:50:00,85
2013-10-07 15:00:00,82
2013-10-07 15:46:00,82
2013-10-07 15:52:00,79
2013-10-07 16:03:00,79
2013-10-07 16:09:00,77
2013-10-07 18:07:00,77
2013-10-07 18:23:00,71
2013-10-07 19:33:00,71
2013-10-07 19:49:00,63
2013-10-07 19:49:00,63
2013-10-07 22:36:00,100
2013-10-08 06:13:00,100
2013-10-08 06:26:00,90
2013-10-08 13:07:00,90
2013-10-08 13:15:00,85
2013-10-08 14:18:00,85
2013-10-08 14:39:00,76
2013-10-08 14:46:00,76
2013-10-08 14:56:00,73
2013-10-08 16:03:00,73
2013-10-08 16:11:00,69
2013-10-08 16:23:00,69
2013-10-08 16:30:00,68
2013-10-08 16:37:00,68
2013-10-08 16:50:00,64
2013-10-08 16:51:00,64
2013-10-08 19:23:00,100
2013-10-09 07:14:00,100
2013-10-09 07:23:00,96
2013-10-09 07:30:00,96
2013-10-09 07:46:00,88
2013-10-09 17:16:00,88
2013-10-09 17:25:00,83
2013-10-09 18:19:00,83
2013-10-09 18:25:00,80
2013-10-09 18:34:00,80
2013-10-09 18:40:00,77
2013-10-09 18:41:00,77
2013-10-09 20:30:00,99
2013-10-10 06:37:00,99
2013-10-10 06:48:00,92
2013-10-10 13:28:00,92
2013-10-10 13:42:00,87
2013-10-10 14:26:00,87
2013-10-10 14:28:00,87
2013-10-10 14:32:00,87
2013-10-10 14:41:00,83
2013-10-10 15:12:00,83
2013-10-10 15:24:00,79
2013-10-10 16:47:00,79
2013-10-10 16:53:00,76
2013-10-10 17:04:00,76
2013-10-10 17:10:00,74
2013-10-10 17:11:00,74
2013-10-10 19:08:00,99
2013-10-11 07:28:00,99
2013-10-11 07:37:00,94
2013-10-11 07:38:00,94
2013-10-11 07:39:00,94
2013-10-11 17:54:00,94
2013-10-11 18:03:00,89
2013-10-11 18:35:00,89
2013-10-11 18:48:00,83
2013-10-11 18:48:00,83
2013-10-11 20:13:00,100
2013-10-12 07:53:00,100
2013-10-12 08:14:00,89
2013-10-12 08:41:00,89
2013-10-12 09:03:00,77
2013-10-12 09:43:00,77
2013-10-12 10:13:00,66
2013-10-12 10:17:00,66
2013-10-12 11:33:00,89
2013-10-12 11:35:00,89
2013-10-12 11:50:00,83
2013-10-12 11:56:00,83
2013-10-12 12:02:00,82
2013-10-12 12:21:00,82
2013-10-12 12:43:00,72
2013-10-12 13:57:00,72
2013-10-12 14:05:00,69
2013-10-12 14:25:00,69
2013-10-12 14:27:00,68
2013-10-12 14:45:00,68
2013-10-12 14:49:00,67
2013-10-12 14:51:00,66
2013-10-12 14:52:00,66
2013-10-12 15:58:00,66
2013-10-12 16:06:00,61
2013-10-12 16:26:00,61
2013-10-12 16:31:00,56
2013-10-12 16:54:00,56
2013-10-12 16:58:00,52
2013-10-12 17:04:00,52
2013-10-12 20:21:00,100
2013-10-13 11:23:00,100
2013-10-13 11:58:00,55
2013-10-13 11:58:00,55
2013-10-13 12:10:00,80
2013-10-13 12:13:00,80
2013-10-13 12:13:00,80
2013-10-13 13:46:00,80
2013-10-13 13:48:00,79
2013-10-13 13:48:00,79
2013-10-13 13:54:00,85
2013-10-13 13:55:00,85
2013-10-13 14:33:00,48
2013-10-13 14:33:00,48
2013-10-13 15:48:00,71
2013-10-13 15:48:00,71
2013-10-13 15:57:00,64
2013-10-13 16:44:00,64
2013-10-13 16:49:00,55
2013-10-13 17:32:00,55
2013-10-13 20:46:00,100
2013-10-14 08:18:00,100
2013-10-14 08:26:00,95
2013-10-14 08:30:00,95
2013-10-14 08:33:00,94
2013-10-14 08:36:00,94
2013-10-14 08:43:00,87
2013-10-14 09:39:00,87
2013-10-14 10:48:00,100
2013-10-14 14:36:00,100
2013-10-14 14:46:00,96
2013-10-14 14:53:00,96
2013-10-14 15:02:00,92
2013-10-15 06:46:00,92
2013-10-15 07:45:00,100
2013-10-15 09:58:00,100
2013-10-15 10:07:00,94
2013-10-15 10:07:00,94
2013-10-15 10:12:00,92
2013-10-15 10:32:00,92
2013-10-15 10:57:00,66
2013-10-15 11:09:00,66
2013-10-15 11:26:00,46
2013-10-15 11:32:00,46
2013-10-15 11:38:00,41
2013-10-15 11:38:00,41
2013-10-15 11:46:00,31
2013-10-15 14:08:00,31
2013-10-15 18:29:00,100
2013-10-16 08:15:00,100
2013-10-16 08:33:00,83
2013-10-16 08:35:00,83
2013-10-16 08:43:00,80
2013-10-16 09:00:00,80
2013-10-16 09:05:00,77
2013-10-16 09:07:00,77
2013-10-16 09:11:00,76
2013-10-16 09:12:00,76
2013-10-16 09:21:00,86
2013-10-16 09:22:00,86
2013-10-16 09:36:00,74
2013-10-16 09:51:00,74
2013-10-16 09:53:00,72
2013-10-16 10:12:00,72
2013-10-16 10:19:00,65
2013-10-16 10:19:00,65
2013-10-16 12:48:00,99
2013-10-16 13:25:00,99
2013-10-16 13:33:00,90
2013-10-16 14:21:00,90
2013-10-16 14:25:00,87
2013-10-16 14:36:00,87
2013-10-16 14:40:00,83
2013-10-16 15:30:00,83
2013-10-16 15:44:00,73
2013-10-18 10:33:00,73
2013-10-18 10:40:00,68
2013-10-18 11:34:00,68
2013-10-18 11:38:00,67
2013-10-18 11:44:00,67
2013-10-18 11:50:00,64
2013-10-18 13:17:00,64
2013-10-18 13:28:00,57
2013-10-18 13:36:00,57
2013-10-18 13:42:00,54
2013-10-18 13:49:00,54
2013-10-18 13:53:00,49
2013-10-18 14:14:00,49
2013-10-18 14:19:00,44
2013-10-18 14:19:00,44
2013-10-18 18:17:00,100
2013-10-18 22:06:00,100
2013-10-18 22:06:00,100
2013-10-19 10:01:00,100
2013-10-19 10:10:00,90
2013-10-19 11:05:00,90
2013-10-19 11:13:00,85
2013-10-19 11:18:00,85
2013-10-19 11:26:00,77
2013-10-19 12:03:00,77
2013-10-19 12:09:00,73
2013-10-20 10:42:00,72
2013-10-20 10:47:00,67
2013-10-20 12:05:00,67
2013-10-20 12:10:00,60
2013-10-20 12:27:00,60
2013-10-20 12:32:00,55
2013-10-20 12:47:00,55
2013-10-20 12:52:00,51
2013-10-20 12:52:00,51
2013-10-20 16:07:00,100
2013-10-20 16:09:00,100
2013-10-20 16:17:00,93
2013-10-20 16:24:00,93
2013-10-20 16:38:00,85
2013-10-20 16:52:00,85
2013-10-20 16:56:00,81
2013-10-20 17:21:00,81
2013-10-20 17:25:00,76
2013-10-20 17:29:00,76
2013-10-20 17:34:00,72
2013-10-21 07:03:00,72
2013-10-21 07:11:00,67
2013-10-21 07:17:00,67
2013-10-21 07:20:00,66
2013-10-21 08:09:00,66
2013-10-21 08:18:00,61
2013-10-21 08:18:00,61
2013-10-21 09:14:00,78
2013-10-21 09:16:00,78
2013-10-21 09:35:00,61
2013-10-21 09:51:00,61
2013-10-21 10:00:00,52
2013-10-21 10:37:00,53
2013-10-21 12:56:00,95
2013-10-21 13:19:00,86
2013-10-21 13:50:00,64
2013-10-21 13:50:00,64
2013-10-21 14:06:00,69
2013-10-21 14:07:00,69
2013-10-21 14:28:00,52
2013-10-21 14:28:00,52
2013-10-21 14:41:00,80
2013-10-21 14:56:00,80
2013-10-21 15:18:00,62
2013-10-21 15:18:00,62
2013-10-21 16:08:00,78
2013-10-21 16:08:00,78
2013-10-21 16:15:00,73
2013-10-21 16:25:00,73
2013-10-21 16:31:00,68
2013-10-21 16:33:00,68
2013-10-21 18:52:00,100
2013-10-21 19:06:00,100
2013-10-21 19:41:00,59
2013-10-21 19:41:00,59
2013-10-21 19:52:00,80
2013-10-21 19:57:00,80
2013-10-21 19:57:00,80
2013-10-21 23:19:00,80
2013-10-21 23:51:00,35
2013-10-22 06:42:00,100
2013-10-22 06:50:00,94
2013-10-22 06:55:00,94
2013-10-22 07:08:00,84
2013-10-22 23:51:00,35
2013-10-23 04:17:00,100
2013-10-23 21:28:00,84
2013-10-23 21:35:00,77
2013-10-23 21:36:00,77
2013-10-23 23:23:00,99
2013-10-24 07:20:00,99
2013-10-24 07:31:00,93
2013-10-24 07:36:00,92
2013-10-24 07:40:00,91
2013-10-24 08:05:00,91
2013-10-24 08:13:00,87
2013-10-24 08:17:00,87
2013-10-24 08:25:00,81
2013-10-24 08:26:00,81
2013-10-24 08:35:00,75
2013-10-24 08:35:00,75
2013-10-24 10:04:00,98
2013-10-24 10:11:00,94
2013-10-24 10:15:00,92
2013-10-24 10:47:00,92
2013-10-24 10:51:00,91
2013-10-24 11:30:00,91
2013-10-24 11:39:00,87
2013-10-24 11:40:00,87
2013-10-24 11:41:00,87
2013-10-24 11:51:00,87
2013-10-24 11:51:00,87
2013-10-24 12:01:00,87
2013-10-24 12:02:00,87
2013-10-24 14:53:00,87
2013-10-24 14:59:00,81
2013-10-24 15:22:00,81
2013-10-24 15:24:00,81
2013-10-24 15:29:00,81
2013-10-24 16:06:00,76
2013-10-24 16:17:00,76
2013-10-24 16:24:00,71
2013-10-24 16:30:00,71
2013-10-24 16:38:00,67
2013-10-24 17:45:00,67
2013-10-24 17:51:00,59
2013-10-24 17:56:00,59
2013-10-24 18:02:00,54
2013-10-24 18:02:00,54
2013-10-24 21:14:00,100
2013-10-25 08:25:00,100
2013-10-25 08:47:00,83
2013-10-25 08:58:00,83
2013-10-25 09:22:00,64
2013-10-25 09:23:00,64
2013-10-25 11:17:00,96
2013-10-25 11:17:00,96
2013-10-25 11:23:00,91
2013-10-25 11:48:00,91
2013-10-25 11:56:00,88
2013-10-25 12:00:00,88
2013-10-25 12:01:00,88
2013-10-25 12:24:00,88
2013-10-25 12:29:00,84
2013-10-25 12:31:00,84
2013-10-25 12:35:00,81
2013-10-25 12:47:00,80
2013-10-25 12:54:00,74
2013-10-25 14:44:00,74
2013-10-25 14:50:00,70
2013-10-25 15:05:00,70
2013-10-25 15:16:00,61
2013-10-25 15:37:00,61
2013-10-25 15:42:00,58
2013-10-25 15:48:00,58
2013-10-25 15:58:00,52
2013-10-25 16:08:00,52
2013-10-25 16:13:00,50
2013-10-25 16:23:00,50
2013-10-25 16:29:00,47
2013-10-25 16:50:00,47
2013-10-25 20:24:00,100
2013-10-26 11:20:00,94
2013-10-26 11:32:00,90
2013-10-26 16:48:00,80
2013-10-26 16:57:00,76
2013-10-26 17:03:00,76
2013-10-26 17:14:00,72
2013-10-26 17:31:00,72
2013-10-26 17:35:00,71
2013-10-26 17:43:00,71
2013-10-26 17:49:00,68
2013-10-26 17:53:00,68
2013-10-26 20:17:00,98
2013-10-27 12:19:00,86
2013-10-27 12:34:00,80
2013-10-27 12:47:00,80
2013-10-27 12:58:00,75
2013-10-27 13:01:00,75
2013-10-27 14:42:00,99
2013-10-27 14:43:00,99
2013-10-27 14:51:00,95
2013-10-27 15:12:00,95
2013-10-27 15:31:00,81
2013-10-28 09:27:00,81
2013-10-28 10:24:00,96
2013-10-28 10:27:00,96
2013-10-28 10:59:00,76
2013-10-28 11:02:00,76
2013-10-28 11:27:00,58
2013-10-28 11:55:00,37
2013-10-28 12:03:00,26
2013-10-28 12:05:00,26
2013-10-28 13:23:00,46
2013-10-28 13:23:00,46
2013-10-28 13:43:00,31
2013-10-28 13:53:00,31
2013-10-28 13:56:00,29
2013-10-28 13:57:00,29
2013-10-28 14:12:00,73
2013-10-28 16:07:00,59
2013-10-28 16:15:00,55
2013-10-28 16:26:00,55
2013-10-28 16:29:00,53
2013-10-28 16:38:00,53
2013-10-28 17:29:00,23
2013-10-28 17:30:00,23
2013-10-28 19:41:00,59
2013-10-28 19:41:00,59
2013-10-28 19:51:00,47
2013-10-28 19:59:00,46
2013-10-28 20:06:00,38
2013-10-28 20:06:00,38
2013-10-29 00:33:00,100
2013-10-29 07:34:00,100
2013-10-29 07:42:00,93
2013-10-29 07:49:00,93
2013-10-29 08:00:00,87
2013-10-29 08:26:00,87
2013-10-29 08:33:00,80
2013-10-29 08:37:00,80
2013-10-29 08:56:00,70
2013-10-29 08:57:00,71
2013-10-29 09:04:00,80
2013-10-29 09:08:00,80
2013-10-29 09:34:00,64
2013-10-29 09:35:00,64
2013-10-29 11:28:00,96
2013-10-29 11:28:00,96
2013-10-29 11:34:00,89
2013-10-29 12:27:00,89
2013-10-29 12:32:00,84
2013-10-29 13:17:00,83
2013-10-29 13:36:00,72
2013-10-29 13:37:00,72
2013-10-29 14:39:00,91
2013-10-29 14:40:00,91
2013-10-29 14:46:00,87
2013-10-29 14:59:00,87
2013-10-29 15:03:00,86
2013-10-29 15:15:00,86
2013-10-29 15:26:00,82
2013-10-29 15:38:00,82
2013-10-29 15:43:00,77
2013-10-29 15:59:00,77
2013-10-29 16:04:00,72
2013-10-29 16:04:00,72
2013-10-29 16:20:00,77
2013-10-29 16:21:00,77
2013-10-29 16:37:00,60
2013-10-29 17:52:00,60
2013-10-29 17:53:00,60
2013-10-29 17:53:00,60
2013-10-29 18:12:00,46
2013-10-29 19:03:00,46
2013-10-29 19:08:00,41
2013-10-30 07:10:00,41
2013-10-30 07:29:00,47
2013-10-30 07:29:00,47
2013-10-30 07:56:00,30
2013-10-30 07:57:00,30
2013-10-30 08:13:00,69
2013-10-30 08:13:00,69
2013-10-30 09:28:00,38
2013-10-30 09:35:00,38
2013-10-30 09:36:00,37
2013-10-30 10:07:00,37
2013-10-30 10:08:00,37
2013-10-30 10:09:00,37
2013-10-30 10:28:00,25
2013-10-30 10:28:00,25
2013-10-30 11:26:00,38
2013-10-30 11:27:00,38
2013-10-30 11:49:00,19
2013-10-30 12:07:00,19
2013-10-30 12:12:00,14
2013-10-30 12:12:00,14
2013-10-30 16:13:00,84
2013-10-30 16:17:00,84
2013-10-30 16:22:00,79
2013-10-30 16:37:00,79
2013-10-30 16:41:00,78
2013-10-30 16:48:00,78
2013-10-30 16:58:00,71
2013-10-30 17:44:00,72
2013-10-30 19:53:00,100
2013-10-31 08:34:00,100
2013-10-31 08:43:00,94
2013-10-31 09:28:00,94
2013-10-31 09:34:00,89
2013-10-31 16:13:00,89
2013-10-31 16:21:00,83
2013-10-31 16:25:00,83
2013-10-31 16:27:00,83
2013-10-31 16:33:00,83
2013-10-31 16:40:00,79
2013-10-31 17:05:00,79
2013-10-31 17:11:00,75
2013-10-31 17:26:00,75
2013-10-31 17:32:00,72
2013-11-01 08:40:00,72
2013-11-01 08:59:00,55
2013-11-01 09:43:00,55
2013-11-01 09:56:00,48
2013-11-01 09:56:00,48
2013-11-01 10:29:00,54
2013-11-01 10:30:00,54
2013-11-01 10:38:00,51
2013-11-01 11:35:00,51
2013-11-01 11:43:00,47
2013-11-01 13:35:00,47
2013-11-01 13:50:00,39
2013-11-01 14:26:00,39
2013-11-01 14:28:00,35
2013-11-01 14:29:00,35
2013-11-01 16:15:00,64
2013-11-01 16:15:00,64
2013-11-01 16:27:00,53
2013-11-01 16:29:00,53
2013-11-01 16:41:00,48
2013-11-01 16:50:00,48
2013-11-01 16:54:00,46
2013-11-01 17:02:00,46
2013-11-01 17:07:00,42
2013-11-01 17:14:00,42
2013-11-01 21:10:00,100
2013-11-02 06:58:00,100
2013-11-02 07:07:00,94
2013-11-02 07:59:00,94
2013-11-02 08:09:00,89
2013-11-02 08:21:00,89
2013-11-02 08:24:00,90
2013-11-02 08:24:00,90
2013-11-02 08:44:00,95
2013-11-02 08:47:00,95
2013-11-02 08:55:00,89
2013-11-02 09:44:00,89
2013-11-02 09:52:00,83
2013-11-02 09:52:00,83
2013-11-02 11:18:00,99
2013-11-02 11:29:00,99
2013-11-02 11:37:00,93
2013-11-02 12:00:00,93
2013-11-02 12:07:00,84
2013-11-02 12:12:00,84
2013-11-02 12:12:00,84
2013-11-02 12:16:00,83
2013-11-02 12:23:00,76
2013-11-02 12:38:00,76
2013-11-02 12:40:00,75
2013-11-02 12:49:00,75
2013-11-02 12:52:00,73
2013-11-02 13:00:00,73
2013-11-02 13:12:00,61
2013-11-02 13:12:00,61
2013-11-02 15:54:00,99
2013-11-02 17:42:00,99
2013-11-02 17:53:00,91
2013-11-02 18:24:00,91
2013-11-02 18:33:00,85
2013-11-02 18:34:00,85
2013-11-02 19:49:00,100
2013-11-03 07:06:00,100
2013-11-03 07:13:00,95
2013-11-03 07:35:00,95
2013-11-03 07:42:00,90
2013-11-03 09:48:00,90
2013-11-03 09:57:00,93
2013-11-03 09:58:00,93
2013-11-03 10:02:00,89
2013-11-03 10:12:00,89
2013-11-03 10:17:00,86
2013-11-03 10:17:00,86
2013-11-03 11:32:00,99
2013-11-03 16:24:00,99
2013-11-03 16:38:00,88
2013-11-03 16:48:00,88
2013-11-03 17:01:00,80
2013-11-03 17:02:00,80
2013-11-03 18:39:00,100
2013-11-04 06:55:00,100
2013-11-04 07:03:00,96
2013-11-04 07:09:00,95
2013-11-04 07:17:00,91
2013-11-04 07:31:00,91
2013-11-04 08:01:00,66
2013-11-04 08:38:00,66
2013-11-04 08:51:00,59
2013-11-04 12:28:00,59
2013-11-04 12:32:00,57
2013-11-04 13:25:00,57
2013-11-04 13:28:00,56
2013-11-04 15:26:00,56
2013-11-04 15:36:00,44
2013-11-04 15:37:00,44
2013-11-04 15:54:00,50
2013-11-04 15:55:00,50
2013-11-04 16:02:00,42
2013-11-04 16:11:00,42
2013-11-04 16:14:00,42
2013-11-04 16:21:00,42
2013-11-04 16:23:00,40
2013-11-04 16:31:00,40
2013-11-04 16:39:00,32
2013-11-04 16:39:00,32
2013-11-04 17:03:00,34
2013-11-04 17:04:00,34
2013-11-04 17:08:00,27
2013-11-04 17:23:00,27
2013-11-04 17:35:00,19
2013-11-04 17:36:00,19
2013-11-04 23:02:00,99
2013-11-05 08:57:00,99
2013-11-05 09:04:00,92
2013-11-05 09:41:00,92
2013-11-05 09:49:00,86
2013-11-05 10:00:00,86
2013-11-05 10:08:00,79
2013-11-05 10:54:00,79
2013-11-05 11:00:00,75
2013-11-05 11:38:00,75
2013-11-05 11:43:00,71
2013-11-05 11:43:00,71
2013-11-05 13:21:00,95
2013-11-05 13:22:00,95
2013-11-05 13:39:00,83
2013-11-05 14:17:00,83
2013-11-05 14:22:00,81
2013-11-05 14:32:00,81
2013-11-05 15:12:00,55
2013-11-05 15:53:00,55
2013-11-05 16:02:00,47
2013-11-05 16:14:00,47
2013-11-05 16:20:00,44
2013-11-05 16:35:00,44
2013-11-05 16:42:00,39
2013-11-05 16:48:00,39
2013-11-05 20:49:00,100
2013-11-06 06:59:00,98
2013-11-06 07:07:00,94
2013-11-06 07:13:00,94
2013-11-06 07:17:00,93
2013-11-06 07:38:00,93
2013-11-06 07:47:00,88
2013-11-06 07:47:00,88
2013-11-06 08:16:00,97
2013-11-06 08:18:00,97
2013-11-06 08:33:00,89
2013-11-06 08:44:00,89
2013-11-06 08:55:00,82
2013-11-06 09:43:00,82
2013-11-06 09:51:00,79
2013-11-06 10:30:00,79
2013-11-06 10:46:00,69
2013-11-06 12:53:00,69
2013-11-06 13:09:00,51
2013-11-06 13:39:00,51
2013-11-06 13:47:00,44
2013-11-06 13:49:00,44
2013-11-06 15:20:00,71
2013-11-06 15:21:00,71
2013-11-06 15:43:00,54
2013-11-06 15:50:00,54
2013-11-06 15:57:00,50
2013-11-06 16:18:00,50
2013-11-06 16:31:00,41
2013-11-06 16:40:00,41
2013-11-06 16:46:00,39
2013-11-06 16:58:00,39
2013-11-06 17:05:00,34
2013-11-06 17:05:00,34
2013-11-06 21:47:00,99
2013-11-07 06:54:00,99
2013-11-07 08:00:00,48
2013-11-07 08:01:00,48
2013-11-07 08:19:00,80
2013-11-07 08:24:00,80
2013-11-07 09:12:00,29
2013-11-07 09:15:00,29
2013-11-07 09:15:00,29
2013-11-07 09:18:00,29
2013-11-07 10:11:00,40
2013-11-07 10:16:00,40
2013-11-07 10:41:00,21
2013-11-07 11:51:00,21
2013-11-07 11:52:00,21
2013-11-07 12:17:00,21
2013-11-07 12:18:00,21
2013-11-07 12:19:00,21
2013-11-07 12:44:00,79
2013-11-07 12:46:00,79
2013-11-07 13:05:00,59
2013-11-07 13:06:00,59
2013-11-07 13:08:00,59
2013-11-07 13:08:00,59
2013-11-07 13:21:00,80
2013-11-07 13:25:00,80
2013-11-07 13:57:00,35
2013-11-07 13:57:00,35
2013-11-07 14:28:00,45
2013-11-07 14:28:00,45
2013-11-07 14:37:00,38
2013-11-07 14:40:00,38
2013-11-07 14:41:00,38
2013-11-07 14:41:00,38
2013-11-07 15:34:00,47
2013-11-07 15:35:00,47
2013-11-07 15:36:00,47
2013-11-07 15:53:00,47
2013-11-07 16:00:00,39
2013-11-07 16:00:00,39
2013-11-07 16:06:00,41
2013-11-07 16:07:00,41
2013-11-07 16:17:00,31
2013-11-07 16:28:00,31
2013-11-07 16:30:00,30
2013-11-07 16:37:00,30
2013-11-07 16:49:00,20
2013-11-07 16:50:00,20
2013-11-07 22:04:00,100
2013-11-08 08:26:00,99
2013-11-08 08:38:00,88
2013-11-08 08:41:00,88
2013-11-08 08:50:00,84
2013-11-08 09:39:00,84
2013-11-08 09:43:00,83
2013-11-08 09:44:00,83
2013-11-08 09:56:00,90
2013-11-08 09:56:00,90
2013-11-08 10:12:00,80
2013-11-08 10:16:00,80
2013-11-08 10:24:00,75
2013-11-08 10:25:00,75
2013-11-08 12:20:00,99
2013-11-08 13:55:00,99
2013-11-08 14:11:00,84
2013-11-08 14:32:00,84
2013-11-08 14:49:00,75
2013-11-08 15:05:00,74
2013-11-08 15:10:00,73
2013-11-08 15:17:00,73
2013-11-08 15:20:00,70
2013-11-08 15:24:00,70
2013-11-08 15:28:00,67
2013-11-08 15:34:00,67
2013-11-08 15:58:00,46
2013-11-08 17:05:00,46
2013-11-08 17:11:00,40
2013-11-08 17:11:00,40
2013-11-08 21:13:00,100
2013-11-09 06:05:00,100
2013-11-09 06:14:00,93
2013-11-09 07:35:00,93
2013-11-09 07:43:00,86
2013-11-09 08:08:00,86
2013-11-09 08:13:00,78
2013-11-09 08:18:00,78
2013-11-09 08:22:00,72
2013-11-09 08:28:00,72
2013-11-09 08:30:00,70
2013-11-09 08:30:00,70
2013-11-09 08:39:00,60
2013-11-09 08:39:00,60
2013-11-09 10:40:00,98
2013-11-09 10:41:00,98
2013-11-09 10:42:00,98
2013-11-09 10:48:00,98
2013-11-09 10:55:00,90
2013-11-09 11:28:00,89
2013-11-09 11:36:00,83
2013-11-09 12:28:00,83
2013-11-09 12:33:00,78
2013-11-09 12:46:00,78
2013-11-09 12:56:00,68
2013-11-09 16:01:00,68
2013-11-09 18:37:00,99
2013-11-10 09:47:00,99
2013-11-10 09:54:00,93
2013-11-10 10:08:00,93
2013-11-10 10:12:00,92
2013-11-10 10:43:00,92
2013-11-10 10:47:00,90
2013-11-10 11:09:00,89
2013-11-10 11:18:00,82
2013-11-10 12:14:00,82
2013-11-10 12:21:00,72
2013-11-10 12:28:00,72
2013-11-10 12:32:00,70
2013-11-10 12:38:00,70
2013-11-10 12:43:00,63
2013-11-10 14:04:00,63
2013-11-10 14:14:00,53
2013-11-10 14:36:00,53
2013-11-10 14:38:00,52
2013-11-10 14:38:00,52
2013-11-10 14:39:00,52
2013-11-10 14:46:00,51
2013-11-10 14:52:00,45
2013-11-10 14:54:00,45
2013-11-10 14:58:00,40
2013-11-10 14:58:00,40
2013-11-10 19:18:00,99
2013-11-11 06:14:00,98
2013-11-11 06:34:00,100
2013-11-11 07:39:00,100
2013-11-11 09:09:00,43
2013-11-11 09:24:00,43
2013-11-11 09:25:00,42
2013-11-11 09:27:00,42
2013-11-11 14:51:00,100
2013-11-12 11:05:00,100
2013-11-12 11:06:00,100
2013-11-12 18:48:00,100
2013-11-12 19:18:00,66
2013-11-12 19:23:00,66
2013-11-12 19:27:00,64
2013-11-13 14:49:00,64
2013-11-13 18:20:00,98
2013-11-14 10:51:00,98
2013-11-14 11:14:00,86
2013-11-14 13:01:00,86
2013-11-14 13:10:00,81
2013-11-14 13:19:00,81
2013-11-14 13:30:00,74
2013-11-14 14:04:00,74
2013-11-14 14:07:00,73
2013-11-14 14:26:00,73
2013-11-14 14:30:00,72
2013-11-14 14:42:00,72
2013-11-14 14:45:00,70
2013-11-14 14:47:00,70
2013-11-14 17:43:00,97
2013-11-15 14:55:00,97
2013-11-15 15:21:00,77
2013-11-15 16:46:00,77
2013-11-15 17:09:00,66
2013-11-15 21:27:00,66
2013-11-15 21:42:00,52
2013-11-16 21:44:00,52
2013-11-17 02:15:00,100
2013-11-17 08:41:00,100
2013-11-17 09:14:00,72
2013-11-17 09:16:00,72
2013-11-17 09:17:00,72
2013-11-17 09:18:00,72
2013-11-17 09:25:00,73
2013-11-17 09:26:00,73
2013-11-17 10:18:00,82
2013-11-17 10:20:00,82
2013-11-17 10:37:00,72
2013-11-17 10:41:00,72
2013-11-17 10:57:00,66
2013-11-17 10:58:00,66
2013-11-17 12:19:00,79
2013-11-17 12:21:00,79
2013-11-17 12:44:00,67
2013-11-17 12:49:00,67
2013-11-17 16:11:00,100
2013-11-17 22:03:00,100
2013-11-17 22:32:00,70
2013-11-18 22:33:00,71
2013-11-19 01:25:00,99
2013-11-19 10:21:00,99
2013-11-19 10:27:00,97
2013-11-19 10:34:00,97
2013-11-19 10:38:00,96
2013-11-19 11:10:00,96
2013-11-19 11:13:00,94
2013-11-19 11:14:00,93
2013-11-19 12:00:00,99
2013-11-19 12:37:00,99
2013-11-19 13:06:00,71
2013-11-19 13:09:00,71
2013-11-19 13:11:00,70
2013-11-19 16:35:00,70
2013-11-19 17:16:00,41
2013-11-19 17:19:00,41
2013-11-19 22:40:00,100
2013-11-20 12:06:00,100
2013-11-20 12:10:00,98
2013-11-20 12:19:00,98
2013-11-20 12:23:00,97
2013-11-20 12:24:00,95
2013-11-20 12:55:00,99
2013-11-21 13:59:00,99
2013-11-21 14:05:00,97
2013-11-21 14:10:00,97
2013-11-21 14:16:00,95
2013-11-21 14:38:00,95
2013-11-21 14:42:00,93
2013-11-21 14:43:00,94
2013-11-21 15:29:00,100
2013-11-23 13:10:00,100
2013-11-23 13:21:00,96
2013-11-23 13:38:00,96
2013-11-23 13:41:00,94
2013-11-23 13:42:00,94
2013-11-23 14:28:00,100
2013-11-23 15:57:00,100
2013-11-23 16:23:00,78
2013-11-23 16:33:00,78
2013-11-23 18:54:00,99
2013-11-24 13:00:00,99
2013-11-24 13:24:00,81
2013-11-24 16:10:00,80
2013-11-24 16:49:00,53
2013-11-24 16:55:00,53
2013-11-24 21:47:00,100
2013-11-24 22:05:00,100
2013-11-24 22:34:00,73
2013-11-25 18:56:00,100
2013-11-25 19:00:00,97
2013-11-25 21:32:00,97
2013-11-25 21:35:00,94
2013-11-25 21:36:00,94
2013-11-25 22:23:00,100
2013-11-25 22:36:00,73
2013-11-26 01:19:00,100
2013-11-26 12:02:00,100
2013-11-26 12:10:00,93
2013-11-26 12:16:00,93
2013-11-26 12:20:00,89
2013-11-26 12:53:00,89
2013-11-26 12:58:00,85
2013-11-26 12:59:00,85
2013-11-26 14:40:00,100
2013-11-26 17:39:00,99
2013-11-26 18:01:00,85
2013-11-26 20:38:00,84
2013-11-26 21:02:00,66
2013-11-26 21:03:00,66
2013-11-27 00:26:00,100
2013-11-28 12:33:00,100
2013-11-28 12:44:00,96
2013-11-28 13:22:00,96
2013-11-28 13:23:00,95
2013-11-28 13:34:00,95
2013-11-28 13:47:00,92
2013-11-28 18:17:00,92
2013-11-28 18:40:00,79
2013-11-28 21:05:00,79
2013-11-28 21:26:00,64
2013-11-29 15:46:00,100
2013-11-29 15:50:00,97
2013-11-29 16:28:00,97
2013-11-29 16:34:00,94
2013-11-29 16:35:00,94
2013-11-29 17:22:00,100
2013-11-29 21:26:00,64
2013-11-30 01:09:00,100
2013-11-30 12:54:00,100
2013-11-30 12:59:00,96
2013-11-30 13:24:00,96
2013-11-30 13:25:00,96
2013-11-30 13:44:00,96
2013-11-30 13:50:00,93
2013-11-30 13:55:00,93
2013-11-30 14:22:00,98
2013-11-30 14:22:00,98
2013-11-30 14:43:00,85
2013-11-30 14:54:00,85
2013-11-30 15:11:00,75
2013-11-30 15:39:00,75
2013-11-30 15:44:00,72
2013-11-30 15:44:00,72
2013-11-30 18:32:00,99
2013-12-01 14:23:00,99
2013-12-01 14:31:00,89
2013-12-01 14:31:00,89
2013-12-01 15:44:00,100
2013-12-03 10:46:00,100
2013-12-03 10:50:00,96
2013-12-03 11:18:00,96
2013-12-03 11:19:00,96
2013-12-03 11:24:00,96
2013-12-03 11:25:00,95
2013-12-03 11:29:00,95
2013-12-03 11:37:00,93
2013-12-03 11:58:00,93
2013-12-03 12:02:00,91
2013-12-03 12:03:00,91
2013-12-03 13:06:00,100
2013-12-03 13:23:00,100
2013-12-03 13:27:00,98
2013-12-03 13:35:00,98
2013-12-03 13:56:00,86
2013-12-03 14:10:00,86
2013-12-03 14:17:00,81
2013-12-03 14:31:00,81
2013-12-03 14:47:00,62
2013-12-03 15:18:00,62
2013-12-03 15:26:00,58
2013-12-03 15:33:00,58
2013-12-03 19:41:00,100
2013-12-03 22:59:00,100
2013-12-03 23:27:00,77
2013-12-04 12:00:00,99
2013-12-04 12:04:00,97
2013-12-04 12:10:00,97
2013-12-04 12:13:00,96
2013-12-04 12:14:00,95
2013-12-04 12:52:00,100
2013-12-04 23:28:00,77
2013-12-05 01:52:00,100
2013-12-05 10:15:00,100
2013-12-05 10:36:00,85
2013-12-05 10:50:00,85
2013-12-05 11:12:00,71
2013-12-05 11:26:00,71
2013-12-05 11:27:00,71
2013-12-05 11:35:00,71
2013-12-05 11:43:00,68
2013-12-05 11:54:00,68
2013-12-05 14:57:00,98
2013-12-06 11:01:00,98
2013-12-06 11:16:00,92
2013-12-06 15:21:00,92
2013-12-06 15:34:00,82
2013-12-06 15:35:00,82
2013-12-06 17:32:00,99
2013-12-08 12:29:00,99
2013-12-08 12:59:00,68
2013-12-08 13:36:00,68
2013-12-08 13:55:00,65
2013-12-08 13:57:00,65
2013-12-08 16:49:00,99
2013-12-08 16:51:00,99
2013-12-08 17:18:00,68
2013-12-08 17:20:00,68
2013-12-08 20:21:00,99
2013-12-09 10:50:00,99
2013-12-09 11:03:00,92
2013-12-09 11:07:00,92
2013-12-09 11:20:00,85
2013-12-09 11:20:00,85
2013-12-09 12:49:00,99
2013-12-09 12:49:00,99
2013-12-09 12:58:00,95
2013-12-09 17:57:00,95
2013-12-09 18:06:00,90
2013-12-09 18:07:00,90
2013-12-09 19:17:00,99
2013-12-10 12:45:00,99
2013-12-10 12:58:00,90
2013-12-10 13:10:00,90
2013-12-10 13:24:00,81
2013-12-10 13:24:00,81
2013-12-10 15:22:00,99
2013-12-10 15:35:00,99
2013-12-10 15:41:00,98
2013-12-10 15:56:00,98
2013-12-10 16:21:00,78
2013-12-10 17:24:00,78
2013-12-10 17:33:00,75
2013-12-10 20:25:00,75
2013-12-10 20:34:00,69
2013-12-10 23:55:00,69
2013-12-11 00:19:00,46
2013-12-11 00:20:00,46
2013-12-11 05:19:00,100
2013-12-12 12:38:00,100
2013-12-12 13:05:00,77
2013-12-12 16:47:00,77
2013-12-12 16:52:00,74
2013-12-12 17:12:00,73
2013-12-12 17:36:00,49
2013-12-12 17:38:00,49
2013-12-12 22:35:00,100
2013-12-13 10:50:00,100
2013-12-13 11:20:00,75
2013-12-13 11:49:00,75
2013-12-13 11:57:00,70
2013-12-14 22:51:00,70
2013-12-14 22:53:00,69
2013-12-15 10:37:00,68
2013-12-15 10:58:00,53
2013-12-15 11:02:00,53
2013-12-15 13:18:00,95
2013-12-15 13:21:00,95
2013-12-15 13:51:00,64
2013-12-15 14:04:00,64
2013-12-15 14:08:00,62
2013-12-15 14:18:00,62
2013-12-15 18:24:00,100
2013-12-16 12:43:00,100
2013-12-16 13:10:00,68
2013-12-16 13:18:00,68
2013-12-16 13:26:00,65
2013-12-16 16:34:00,65
2013-12-16 16:43:00,63
2013-12-16 17:22:00,63
2013-12-16 17:46:00,53
2013-12-16 17:56:00,53
2013-12-16 18:03:00,51
2013-12-16 18:21:00,51
2013-12-16 18:51:00,32
2013-12-17 18:51:00,32
2013-12-18 01:16:00,99
2013-12-18 13:34:00,99
2013-12-18 13:58:00,80
2013-12-18 18:02:00,80
2013-12-18 18:24:00,61
2013-12-18 18:43:00,61
2013-12-18 18:49:00,59
2013-12-18 18:50:00,59
2013-12-18 22:59:00,100
2013-12-19 14:54:00,100
2013-12-19 15:00:00,98
2013-12-19 15:41:00,98
2013-12-19 15:46:00,96
2013-12-19 16:17:00,96
2013-12-19 16:21:00,95
2013-12-19 16:22:00,94
2013-12-19 17:09:00,100
2013-12-20 12:20:00,100
2013-12-20 12:25:00,98
2013-12-20 12:41:00,98
2013-12-20 12:45:00,97
2013-12-20 12:51:00,96
2013-12-20 13:22:00,100
2013-12-20 18:43:00,100
2013-12-20 19:17:00,74
2013-12-20 21:10:00,74
2013-12-20 21:51:00,42
2013-12-20 21:52:00,42
2013-12-20 21:53:00,42
2013-12-21 21:53:00,42
2013-12-22 03:11:00,100
2013-12-23 11:46:00,100
2013-12-23 11:51:00,97
2013-12-23 12:02:00,97
2013-12-23 12:08:00,94
2013-12-23 12:08:00,94
2013-12-23 12:55:00,99
2013-12-24 15:19:00,99
2013-12-24 16:26:00,49
2013-12-24 16:26:00,49
2013-12-24 16:27:00,49
2013-12-24 16:27:00,49
2013-12-24 16:27:00,49
2013-12-24 16:28:00,49
2013-12-24 21:26:00,100
2013-12-25 12:25:00,100
2013-12-25 13:02:00,50
2013-12-25 15:16:00,50
2013-12-25 15:19:00,49
2013-12-25 15:19:00,49
2013-12-25 20:19:00,100
2013-12-26 11:49:00,100
2013-12-26 12:07:00,83
2013-12-26 19:12:00,83
2013-12-26 19:53:00,47
2013-12-26 19:54:00,47
2013-12-27 00:46:00,100
2013-12-29 15:04:00,100
2013-12-29 15:08:00,97
2013-12-29 15:29:00,97
2013-12-29 15:32:00,95
2013-12-29 15:33:00,94
2013-12-29 16:19:00,99
2013-12-30 09:41:00,99
2013-12-30 10:04:00,73
2014-01-02 16:25:00,73
2014-01-02 17:03:00,49
2014-01-02 17:03:00,49
2014-01-02 22:05:00,100
2014-01-03 12:43:00,100
2014-01-03 12:48:00,96
2014-01-03 12:58:00,96
2014-01-03 13:00:00,96
2014-01-03 13:28:00,96
2014-01-03 13:56:00,64
2014-01-03 13:56:00,64
2014-01-03 15:03:00,85
2014-01-03 15:04:00,85
2014-01-03 15:36:00,56
2014-01-03 16:21:00,56
2014-01-03 20:35:00,100
2014-01-04 14:18:00,100
2014-01-04 14:19:00,100
2014-01-04 14:20:00,100
2014-01-04 14:46:00,74
2014-01-04 15:12:00,74
2014-01-04 15:17:00,72
2014-01-05 09:26:00,99
2014-01-05 09:53:00,75
2014-01-05 09:53:00,75
2014-01-05 11:31:00,94
2014-01-05 11:32:00,94
2014-01-05 11:57:00,72
2014-01-05 11:57:00,72
2014-01-05 14:30:00,99
2014-01-05 14:31:00,99
2014-01-05 14:57:00,76
2014-01-05 16:26:00,76
2014-01-05 16:50:00,55
2014-01-05 16:50:00,55
2014-01-05 21:22:00,100
2014-01-05 22:59:00,100
2014-01-05 23:12:00,72
2014-01-05 23:23:00,63
2014-01-05 23:25:00,63
2014-01-05 23:25:00,63
2014-01-06 02:07:00,99
2014-01-06 13:25:00,100
2014-01-06 13:28:00,97
2014-01-06 13:37:00,97
2014-01-06 13:40:00,94
2014-01-06 13:41:00,94
2014-01-06 14:29:00,100
2014-01-06 23:26:00,63
2014-01-07 02:59:00,100
2014-01-07 11:09:00,100
2014-01-07 11:44:00,77
2014-01-07 12:04:00,77
2014-01-07 12:15:00,65
2014-01-07 12:27:00,65
2014-01-07 12:31:00,63
2014-01-08 11:32:00,63
2014-01-08 11:37:00,61
2014-01-08 11:44:00,61
2014-01-08 11:52:00,60
2014-01-08 11:53:00,60
2014-01-08 15:52:00,100
2014-01-08 16:21:00,100
2014-01-08 16:28:00,97
2014-01-08 16:29:00,99
2014-01-08 17:04:00,100
2014-01-09 12:45:00,100
2014-01-09 13:04:00,81
2014-01-09 17:43:00,81
2014-01-09 18:00:00,67
2014-01-09 18:00:00,67
2014-01-09 21:12:00,99
2014-01-10 11:47:00,99
2014-01-10 11:51:00,97
2014-01-10 12:08:00,97
2014-01-10 12:17:00,95
2014-01-10 12:51:00,95
2014-01-10 12:55:00,93
2014-01-10 12:55:00,93
2014-01-10 13:20:00,98
2014-01-10 13:20:00,98
2014-01-10 13:58:00,66
2014-01-10 21:13:00,66
2014-01-10 21:45:00,32
2014-01-11 12:06:00,98
2014-01-11 12:07:00,98
2014-01-11 12:25:00,98
2014-01-11 12:47:00,100
2014-01-11 21:45:00,32
2014-01-12 04:08:00,99
2014-01-12 12:47:00,100
2014-01-12 12:53:00,98
2014-01-12 13:30:00,98
2014-01-12 13:32:00,97
2014-01-12 13:42:00,97
2014-01-12 13:48:00,95
2014-01-12 13:59:00,95
2014-01-12 14:05:00,91
2014-01-12 14:05:00,91
2014-01-12 15:01:00,100
2014-01-13 13:37:00,100
2014-01-13 13:41:00,96
2014-01-13 13:42:00,96
2014-01-13 13:44:00,95
2014-01-13 13:50:00,95
2014-01-13 13:54:00,92
2014-01-13 14:05:00,92
2014-01-13 14:13:00,88
2014-01-13 14:14:00,88
2014-01-13 15:27:00,100
2014-01-15 12:05:00,99
2014-01-15 12:31:00,65
2014-01-15 17:23:00,65
2014-01-15 17:57:00,32
2014-01-15 17:58:00,32
2014-01-15 22:33:00,100
2014-01-16 12:29:00,100
2014-01-16 12:34:00,95
2014-01-16 12:43:00,95
2014-01-16 13:15:00,65
2014-01-16 13:20:00,65
2014-01-16 16:57:00,100
2014-01-17 15:33:00,100
2014-01-17 16:10:00,69
2014-01-17 22:50:00,69
2014-01-17 23:27:00,39
2014-01-18 01:51:00,68
2014-01-18 02:18:00,40
2014-01-18 02:18:00,40
2014-01-18 06:31:00,100
2014-01-18 09:54:00,100
2014-01-18 10:10:00,92
2014-01-18 10:11:00,91
2014-01-18 10:52:00,100
2014-01-18 10:52:00,100
2014-01-18 10:59:00,96
2014-01-18 13:53:00,96
2014-01-18 13:58:00,91
2014-01-18 13:58:00,91
2014-01-18 14:41:00,100
2014-01-18 14:41:00,100
2014-01-18 15:21:00,58
2014-01-18 15:27:00,57
2014-01-18 15:30:00,57
2014-01-18 15:30:00,57
2014-01-18 20:02:00,100
2014-01-18 20:09:00,100
2014-01-18 20:45:00,62
2014-01-18 20:45:00,62
2014-01-18 23:27:00,39
2014-01-18 23:34:00,100
2014-01-19 01:49:00,68
2014-01-19 10:47:00,100
2014-01-19 10:51:00,97
2014-01-19 11:19:00,97
2014-01-19 11:23:00,93
2014-01-19 11:23:00,93
2014-01-19 12:06:00,99
2014-01-19 16:37:00,99
2014-01-19 16:42:00,96
2014-01-19 16:44:00,96
2014-01-19 17:14:00,100
2014-01-20 12:25:00,100
2014-01-20 12:47:00,63
2014-01-20 13:43:00,63
2014-01-20 13:46:00,60
2014-01-20 13:52:00,60
2014-01-20 17:37:00,100
2014-01-20 17:42:00,100
2014-01-20 18:13:00,60
2014-01-20 18:13:00,60
2014-01-20 21:19:00,100
2014-01-21 10:16:00,100
2014-01-21 10:21:00,95
2014-01-21 10:26:00,95
2014-01-21 10:27:00,94
2014-01-21 10:46:00,94
2014-01-21 10:50:00,92
2014-01-21 11:15:00,92
2014-01-21 11:18:00,89
2014-01-21 11:19:00,89
2014-01-21 12:28:00,99
